lat,lng,pred
38.5,-120.8,57.77145103880027
38.516,-120.8,58.288066169432504
38.533,-120.8,58.774673779821015
38.549,-120.8,59.359491379623094
38.565,-120.8,59.77735148251114
38.582,-120.8,60.29697350358267
38.598,-120.8,60.763233389563304
38.614,-120.8,61.25744366724217
38.631,-120.8,61.703633795185965
38.647,-120.8,62.14271168732761
38.663,-120.8,62.574602481968164
38.68,-120.8,63.05173981268403
38.696,-120.8,63.44047489038074
38.712,-120.8,63.83384592503383
38.729,-120.8,64.20922544622186
38.745,-120.8,64.62151550153038
38.761,-120.8,65.01766971836719
38.778,-120.8,65.45638909501233
38.794,-120.8,65.83174869430489
38.81,-120.8,66.1947428036645
38.827,-120.8,66.62449310790025
38.843,-120.8,67.00428795323437
38.859,-120.8,67.4290423536919
38.876,-120.8,67.85409936892665
38.892,-120.8,68.17054491579627
38.908,-120.8,68.56921777003576
38.924,-120.8,68.95767462502165
38.941,-120.8,69.44018030319695
38.957,-120.8,69.82143006065805
38.973,-120.8,70.23804917746105
38.99,-120.8,70.72253274474706
39.006,-120.8,71.17528880371214
39.022,-120.8,71.65464044502833
39.039,-120.8,72.04692135154258
39.055,-120.8,72.54011713151536
39.071,-120.8,73.03039159432701
39.088,-120.8,73.54393332640721
39.104,-120.8,74.09433903605368
39.12,-120.8,74.5845468595071
39.137,-120.8,75.09916856473649
39.153,-120.8,75.63962645523361
39.169,-120.8,76.16157828483121
39.186,-120.8,76.75353146521327
39.202,-120.8,77.33023321901757
39.218,-120.8,77.80771823712976
39.235,-120.8,78.45389813021299
39.251,-120.8,78.95517994483117
39.267,-120.8,79.53721362754781
39.284,-120.8,80.10439480018192
39.3,-120.8,80.68872082720928
38.5,-120.78,59.57258831450839
38.516,-120.78,60.0485136783681
38.533,-120.78,60.63688907024667
38.549,-120.78,61.0560185346039
38.565,-120.78,61.566242282545225
38.582,-120.78,62.089984429664426
38.598,-120.78,62.497886083606566
38.614,-120.78,63.011956021649794
38.631,-120.78,63.34738297725582
38.647,-120.78,63.8994228536956
38.663,-120.78,64.28791735408181
38.68,-120.78,64.74517918065153
38.696,-120.78,65.13659840742166
38.712,-120.78,65.52464193298215
38.729,-120.78,65.94614704249182
38.745,-120.78,66.35722823775266
38.761,-120.78,66.78115074881403
38.778,-120.78,67.13964318981543
38.794,-120.78,67.48750486301573
38.81,-120.78,67.89423732926114
38.827,-120.78,68.3100249949716
38.843,-120.78,68.66876092197268
38.859,-120.78,69.07700220141608
38.876,-120.78,69.52476390891225
38.892,-120.78,69.8580227003194
38.908,-120.78,70.18386600592554
38.924,-120.78,70.5875682887131
38.941,-120.78,71.04473904205773
38.957,-120.78,71.41254019085147
38.973,-120.78,71.81195100065666
38.99,-120.78,72.19026352673347
39.006,-120.78,72.68384346610269
39.022,-120.78,73.13475570853801
39.039,-120.78,73.61219976508502
39.055,-120.78,74.02741979072049
39.071,-120.78,74.50100903238673
39.088,-120.78,75.00393511200102
39.104,-120.78,75.44109595973698
39.12,-120.78,75.98611240555549
39.137,-120.78,76.45363682467449
39.153,-120.78,76.92414920826936
39.169,-120.78,77.53413635472783
39.186,-120.78,78.06953772623547
39.202,-120.78,78.58833129365428
39.218,-120.78,79.06241551487015
39.235,-120.78,79.64771819592471
39.251,-120.78,80.18673241817284
39.267,-120.78,80.70285781755747
39.284,-120.78,81.32229332256902
39.3,-120.78,81.85901831755945
38.5,-120.759,61.38886450608686
38.516,-120.759,61.91840482712451
38.533,-120.759,62.41136332550845
38.549,-120.759,62.964491780285684
38.565,-120.759,63.379042372396405
38.582,-120.759,63.91026233523151
38.598,-120.759,64.37321469437629
38.614,-120.759,64.79330530646118
38.631,-120.759,65.25605084070187
38.647,-120.759,65.69404502817
38.663,-120.759,66.11411691406413
38.68,-120.759,66.62937727607277
38.696,-120.759,66.96349468022972
38.712,-120.759,67.41924472006926
38.729,-120.759,67.73570989412447
38.745,-120.759,68.16747785534388
38.761,-120.759,68.53531276444303
38.778,-120.759,68.83686434791694
38.794,-120.759,69.26311986275941
38.81,-120.759,69.63586969263405
38.827,-120.759,70.06448734213599
38.843,-120.759,70.38387697965679
38.859,-120.759,70.73329869444719
38.876,-120.759,71.16330579350328
38.892,-120.759,71.57170974313048
38.908,-120.759,71.9146279309004
38.924,-120.759,72.36654725482228
38.941,-120.759,72.7153316842224
38.957,-120.759,73.09066261145227
38.973,-120.759,73.45411002841225
38.99,-120.759,73.84240441328144
39.006,-120.759,74.28130299329433
39.022,-120.759,74.71139141725865
39.039,-120.759,75.13379956545825
39.055,-120.759,75.56173912509077
39.071,-120.759,76.02801637018926
39.088,-120.759,76.54459654487229
39.104,-120.759,76.87614567785103
39.12,-120.759,77.3689575974237
39.137,-120.759,77.90929114836258
39.153,-120.759,78.35206706425014
39.169,-120.759,78.87343623503058
39.186,-120.759,79.29006474581469
39.202,-120.759,79.88172078821523
39.218,-120.759,80.38060999299303
39.235,-120.759,80.94900010614411
39.251,-120.759,81.41690198348735
39.267,-120.759,81.90890358094978
39.284,-120.759,82.42831713898194
39.3,-120.759,82.92762594499375
38.5,-120.739,63.2159796667929
38.516,-120.739,63.667712200434
38.533,-120.739,64.20157570090029
38.549,-120.739,64.6832696935601
38.565,-120.739,65.14969282192352
38.582,-120.739,65.6022270752325
38.598,-120.739,66.14126735212054
38.614,-120.739,66.54009937157122
38.631,-120.739,67.00501594985441
38.647,-120.739,67.45874096007451
38.663,-120.739,67.81563103433592
38.68,-120.739,68.30329509848805
38.696,-120.739,68.70845574667425
38.712,-120.739,69.09468397193113
38.729,-120.739,69.48724264768617
38.745,-120.739,69.82090723767666
38.761,-120.739,70.19394557342518
38.778,-120.739,70.6249977234091
38.794,-120.739,70.98818127160816
38.81,-120.739,71.31615919754454
38.827,-120.739,71.7221606116106
38.843,-120.739,72.09517901185926
38.859,-120.739,72.37671565023861
38.876,-120.739,72.78824306278928
38.892,-120.739,73.04518560233979
38.908,-120.739,73.48273277721957
38.924,-120.739,73.86256466288273
38.941,-120.739,74.25880594114462
38.957,-120.739,74.63146040366455
38.973,-120.739,74.94772792357695
38.99,-120.739,75.44398853390769
39.006,-120.739,75.74967965142224
39.022,-120.739,76.20053795073953
39.039,-120.739,76.66170425137382
39.055,-120.739,77.00619930482948
39.071,-120.739,77.43315036193933
39.088,-120.739,77.86242427783607
39.104,-120.739,78.29419376099264
39.12,-120.739,78.75807149483559
39.137,-120.739,79.25147747345775
39.153,-120.739,79.68535073682274
39.169,-120.739,80.14060172627666
39.186,-120.739,80.64116277174335
39.202,-120.739,81.14931061654639
39.218,-120.739,81.60369485722435
39.235,-120.739,82.1446956626948
39.251,-120.739,82.56378825375333
39.267,-120.739,83.03569362639934
39.284,-120.739,83.63879541786615
39.3,-120.739,84.0449517930116
38.5,-120.718,64.93606106211291
38.516,-120.718,65.48201065120598
38.533,-120.718,65.99958993093838
38.549,-120.718,66.50714109278995
38.565,-120.718,66.93092013950546
38.582,-120.718,67.49107431650046
38.598,-120.718,67.90331503534995
38.614,-120.718,68.38219629305154
38.631,-120.718,68.88067595322372
38.647,-120.718,69.29253827453975
38.663,-120.718,69.67271702893213
38.68,-120.718,70.09798142305026
38.696,-120.718,70.46369335367676
38.712,-120.718,70.8538744610823
38.729,-120.718,71.32917793653105
38.745,-120.718,71.67757239718985
38.761,-120.718,72.01795637038082
38.778,-120.718,72.36252585306993
38.794,-120.718,72.74566868950511
38.81,-120.718,73.15893527986324
38.827,-120.718,73.43681880307689
38.843,-120.718,73.78101645110492
38.859,-120.718,74.09822578793914
38.876,-120.718,74.44561059859954
38.892,-120.718,74.82752477746416
38.908,-120.718,75.09625019000295
38.924,-120.718,75.55137342312217
38.941,-120.718,75.87887710514042
38.957,-120.718,76.22327098408577
38.973,-120.718,76.61131722199607
38.99,-120.718,76.9851244104392
39.006,-120.718,77.31481182553287
39.022,-120.718,77.74419468398294
39.039,-120.718,78.10739748291134
39.055,-120.718,78.48839604770525
39.071,-120.718,78.92612486387169
39.088,-120.718,79.33075858053542
39.104,-120.718,79.7245255412245
39.12,-120.718,80.11059133926521
39.137,-120.718,80.55030922771526
39.153,-120.718,81.0261925559718
39.169,-120.718,81.45079608578462
39.186,-120.718,81.91063117012516
39.202,-120.718,82.35086862714478
39.218,-120.718,82.86533136945273
39.235,-120.718,83.35588273522235
39.251,-120.718,83.778137835974
39.267,-120.718,84.18099540981184
39.284,-120.718,84.63750137170136
39.3,-120.718,85.13862958745383
38.5,-120.698,66.70893757474774
38.516,-120.698,67.2402708256
38.533,-120.698,67.76435825741594
38.549,-120.698,68.2473806375315
38.565,-120.698,68.69771176862824
38.582,-120.698,69.19550453469425
38.598,-120.698,69.6589420868106
38.614,-120.698,70.06442183624007
38.631,-120.698,70.54895800709893
38.647,-120.698,70.95774239447933
38.663,-120.698,71.37905184513279
38.68,-120.698,71.81951717285204
38.696,-120.698,72.24393474539309
38.712,-120.698,72.58766773498918
38.729,-120.698,72.94983578960024
38.745,-120.698,73.30477975654479
38.761,-120.698,73.64941214235928
38.778,-120.698,73.97964316347665
38.794,-120.698,74.35711268905278
38.81,-120.698,74.67353343579832
38.827,-120.698,75.0913063542597
38.843,-120.698,75.41290578021635
38.859,-120.698,75.65223673224378
38.876,-120.698,76.02977096708081
38.892,-120.698,76.4240525435882
38.908,-120.698,76.71483900501309
38.924,-120.698,77.0362852895589
38.941,-120.698,77.3786702506982
38.957,-120.698,77.71268856317448
38.973,-120.698,78.0156837660975
38.99,-120.698,78.39447538802919
39.006,-120.698,78.75568273455485
39.022,-120.698,79.10512339779625
39.039,-120.698,79.57509945631377
39.055,-120.698,79.9500347515542
39.071,-120.698,80.24948625066347
39.088,-120.698,80.6235272155573
39.104,-120.698,81.06935337485255
39.12,-120.698,81.44796797693564
39.137,-120.698,81.86762751220593
39.153,-120.698,82.2629227937603
39.169,-120.698,82.65375228982339
39.186,-120.698,83.1464125204973
39.202,-120.698,83.48056540566374
39.218,-120.698,83.89713508363978
39.235,-120.698,84.41896203660741
39.251,-120.698,84.8272825828351
39.267,-120.698,85.25020665539803
39.284,-120.698,85.65909044247992
39.3,-120.698,86.11039274382316
38.5,-120.678,68.47169643985895
38.516,-120.678,68.93211588724581
38.533,-120.678,69.43187291444224
38.549,-120.678,69.91139425111628
38.565,-120.678,70.4531567273268
38.582,-120.678,70.90120332966114
38.598,-120.678,71.40671988416673
38.614,-120.678,71.83815029483165
38.631,-120.678,72.25724452715802
38.647,-120.678,72.64350698051531
38.663,-120.678,73.08406099901106
38.68,-120.678,73.47973404220048
38.696,-120.678,73.88608258032234
38.712,-120.678,74.2625214074881
38.729,-120.678,74.66225488845338
38.745,-120.678,74.97883423797045
38.761,-120.678,75.29838694574393
38.778,-120.678,75.68738881814853
38.794,-120.678,75.98651980293296
38.81,-120.678,76.31862344330047
38.827,-120.678,76.70253028628493
38.843,-120.678,76.98877730404612
38.859,-120.678,77.29099067584902
38.876,-120.678,77.57849647394984
38.892,-120.678,77.91297498196234
38.908,-120.678,78.24016369831183
38.924,-120.678,78.56446006429057
38.941,-120.678,78.88725572209422
38.957,-120.678,79.22226087684349
38.973,-120.678,79.57505462710468
38.99,-120.678,79.85354128876315
39.006,-120.678,80.19602694831784
39.022,-120.678,80.51506946433759
39.039,-120.678,80.92963978360538
39.055,-120.678,81.2384707912002
39.071,-120.678,81.64235098527716
39.088,-120.678,82.00804616509016
39.104,-120.678,82.25667770512283
39.12,-120.678,82.6789145313148
39.137,-120.678,83.08961636721108
39.153,-120.678,83.52644976099262
39.169,-120.678,83.88319297524376
39.186,-120.678,84.25792059657155
39.202,-120.678,84.67204572326155
39.218,-120.678,85.09981306519421
39.235,-120.678,85.47238373395002
39.251,-120.678,85.85629368863349
39.267,-120.678,86.20708531841989
39.284,-120.678,86.71921012136723
39.3,-120.678,87.06620889032276
38.5,-120.657,70.21907763097661
38.516,-120.657,70.77864615261575
38.533,-120.657,71.32860055042745
38.549,-120.657,71.78144019527352
38.565,-120.657,72.18048113297601
38.582,-120.657,72.71503539070935
38.598,-120.657,73.18521319578481
38.614,-120.657,73.59447199744429
38.631,-120.657,74.05266033522187
38.647,-120.657,74.44964972774241
38.663,-120.657,74.91736313839282
38.68,-120.657,75.2428824420726
38.696,-120.657,75.63591602939574
38.712,-120.657,76.00299797533349
38.729,-120.657,76.3546517628752
38.745,-120.657,76.65715272216013
38.761,-120.657,77.02206068230822
38.778,-120.657,77.36760125699742
38.794,-120.657,77.6815336913621
38.81,-120.657,78.04121898143697
38.827,-120.657,78.35807269473368
38.843,-120.657,78.60119219900355
38.859,-120.657,78.89138840337938
38.876,-120.657,79.21807566658677
38.892,-120.657,79.53973169682007
38.908,-120.657,79.86366113611777
38.924,-120.657,80.13055193163824
38.941,-120.657,80.45672858013303
38.957,-120.657,80.72442216276998
38.973,-120.657,81.01582024045791
38.99,-120.657,81.36170810938891
39.006,-120.657,81.66832597727397
39.022,-120.657,81.99913606569395
39.039,-120.657,82.37021362491033
39.055,-120.657,82.66902216882134
39.071,-120.657,82.98024997027616
39.088,-120.657,83.33133405061362
39.104,-120.657,83.62470954104317
39.12,-120.657,84.02126319670298
39.137,-120.657,84.38814110852812
39.153,-120.657,84.7147544961853
39.169,-120.657,85.11927556988103
39.186,-120.657,85.45116304525801
39.202,-120.657,85.81819650605271
39.218,-120.657,86.21724295709762
39.235,-120.657,86.5742427690583
39.251,-120.657,86.89306406798175
39.267,-120.657,87.27426899218987
39.284,-120.657,87.65757608097182
39.3,-120.657,88.06974918975645
38.5,-120.637,71.96235050683867
38.516,-120.637,72.46415786432976
38.533,-120.637,72.96079123906594
38.549,-120.637,73.48417083538445
38.565,-120.637,73.96671404271122
38.582,-120.637,74.49104589220222
38.598,-120.637,74.86523863392443
38.614,-120.637,75.2973523557634
38.631,-120.637,75.72987255321992
38.647,-120.637,76.16275528940689
38.663,-120.637,76.5060003389614
38.68,-120.637,76.92930268806887
38.696,-120.637,77.26593105335519
38.712,-120.637,77.6292115960558
38.729,-120.637,77.953837725552
38.745,-120.637,78.30215503563419
38.761,-120.637,78.6084915884842
38.778,-120.637,78.96284088827792
38.794,-120.637,79.24071826216795
38.81,-120.637,79.5904532979916
38.827,-120.637,79.87201233994718
38.843,-120.637,80.21237044022953
38.859,-120.637,80.45091757045377
38.876,-120.637,80.68933980739678
38.892,-120.637,81.06784897687729
38.908,-120.637,81.2382946822458
38.924,-120.637,81.60762542665178
38.941,-120.637,81.87045607651537
38.957,-120.637,82.1785378418719
38.973,-120.637,82.3429708066724
38.99,-120.637,82.75931445315577
39.006,-120.637,83.05834397488715
39.022,-120.637,83.3696296136984
39.039,-120.637,83.6377980988384
39.055,-120.637,83.89626844366245
39.071,-120.637,84.22757309980331
39.088,-120.637,84.58368455598263
39.104,-120.637,84.91759062615516
39.12,-120.637,85.20098954941095
39.137,-120.637,85.5267556111264
39.153,-120.637,85.88682689845997
39.169,-120.637,86.1701454040314
39.186,-120.637,86.53684077413365
39.202,-120.637,86.83510525217234
39.218,-120.637,87.28056693612912
39.235,-120.637,87.62410089531569
39.251,-120.637,87.85981246529893
39.267,-120.637,88.23633607596422
39.284,-120.637,88.57795168403625
39.3,-120.637,88.87791507020992
38.5,-120.616,73.7561216002026
38.516,-120.616,74.23195270967598
38.533,-120.616,74.80119263128925
38.549,-120.616,75.30548893867461
38.565,-120.616,75.74420143018277
38.582,-120.616,76.15801491365741
38.598,-120.616,76.6086113610372
38.614,-120.616,77.04453850390367
38.631,-120.616,77.48861605184345
38.647,-120.616,77.87104498167471
38.663,-120.616,78.25071532129931
38.68,-120.616,78.65202817768173
38.696,-120.616,79.01582711094137
38.712,-120.616,79.33490576061699
38.729,-120.616,79.59384905713438
38.745,-120.616,79.96649274605905
38.761,-120.616,80.25643957442496
38.778,-120.616,80.64947186501468
38.794,-120.616,80.86389816761681
38.81,-120.616,81.18387561293437
38.827,-120.616,81.46346518149123
38.843,-120.616,81.76461717225862
38.859,-120.616,82.00160660846744
38.876,-120.616,82.22351053252711
38.892,-120.616,82.55113717619741
38.908,-120.616,82.81282325026588
38.924,-120.616,83.04905591572444
38.941,-120.616,83.31531079014773
38.957,-120.616,83.60672792082615
38.973,-120.616,83.88060929125251
38.99,-120.616,84.11098633593545
39.006,-120.616,84.43445647983508
39.022,-120.616,84.64115736219972
39.039,-120.616,84.99906100000226
39.055,-120.616,85.28239958419138
39.071,-120.616,85.54608535803749
39.088,-120.616,85.83427825769871
39.104,-120.616,86.1056476104719
39.12,-120.616,86.36525404767457
39.137,-120.616,86.74425216674274
39.153,-120.616,86.97192388853097
39.169,-120.616,87.28997994766286
39.186,-120.616,87.6315164688021
39.202,-120.616,87.97170347268481
39.218,-120.616,88.27895633465046
39.235,-120.616,88.6246954482346
39.251,-120.616,88.9493181171814
39.267,-120.616,89.16956655287687
39.284,-120.616,89.53065335693317
39.3,-120.616,89.87198962563073
38.5,-120.596,75.39130154087715
38.516,-120.596,75.91264177166933
38.533,-120.596,76.48014946433229
38.549,-120.596,76.91939014892627
38.565,-120.596,77.43042750339826
38.582,-120.596,77.84100541942
38.598,-120.596,78.29489753822533
38.614,-120.596,78.633301831552
38.631,-120.596,79.13463144593435
38.647,-120.596,79.43366503680433
38.663,-120.596,79.83928931176791
38.68,-120.596,80.27580734496927
38.696,-120.596,80.56392764818442
38.712,-120.596,80.9280191131204
38.729,-120.596,81.24594278743658
38.745,-120.596,81.50148008507622
38.761,-120.596,81.8219433771414
38.778,-120.596,82.1144099879892
38.794,-120.596,82.412369110304
38.81,-120.596,82.69380266056267
38.827,-120.596,82.93458401654306
38.843,-120.596,83.19014389237691
38.859,-120.596,83.42128454138398
38.876,-120.596,83.69981289918309
38.892,-120.596,83.98571433437723
38.908,-120.596,84.1918005278266
38.924,-120.596,84.4433872783082
38.941,-120.596,84.70578494465384
38.957,-120.596,84.91524128675934
38.973,-120.596,85.17111999587087
38.99,-120.596,85.45746207928228
39.006,-120.596,85.6696146864666
39.022,-120.596,85.91090290261143
39.039,-120.596,86.25353021460347
39.055,-120.596,86.42771436991293
39.071,-120.596,86.71278724618107
39.088,-120.596,86.97363027848954
39.104,-120.596,87.17752670563108
39.12,-120.596,87.54120644469008
39.137,-120.596,87.7839147641404
39.153,-120.596,88.11286291960484
39.169,-120.596,88.3397331015555
39.186,-120.596,88.61072375146892
39.202,-120.596,88.9573147863801
39.218,-120.596,89.26558576372764
39.235,-120.596,89.50971888242498
39.251,-120.596,89.7996117997732
39.267,-120.596,90.05079052035728
39.284,-120.596,90.34137033125766
39.3,-120.596,90.67291299223304
38.5,-120.576,77.07787869185483
38.516,-120.576,77.57596024654792
38.533,-120.576,78.10091046487385
38.549,-120.576,78.59791006025762
38.565,-120.576,79.03278427450164
38.582,-120.576,79.49516519660162
38.598,-120.576,79.86412269807128
38.614,-120.576,80.26429119600847
38.631,-120.576,80.7401342785839
38.647,-120.576,81.08647197305409
38.663,-120.576,81.4510350070545
38.68,-120.576,81.79677996721024
38.696,-120.576,82.14953183539592
38.712,-120.576,82.43781930558127
38.729,-120.576,82.68758221755378
38.745,-120.576,83.03709020234895
38.761,-120.576,83.36518812749595
38.778,-120.576,83.61789198752372
38.794,-120.576,83.86628150432783
38.81,-120.576,84.16989999865173
38.827,-120.576,84.3622465793976
38.843,-120.576,84.62588812884486
38.859,-120.576,84.8384742814959
38.876,-120.576,85.09760785918567
38.892,-120.576,85.31770868950579
38.908,-120.576,85.57128078841062
38.924,-120.576,85.79836457568824
38.941,-120.576,86.06768919256956
38.957,-120.576,86.21074830031024
38.973,-120.576,86.4641559923524
38.99,-120.576,86.72751020041346
39.006,-120.576,86.92319009309247
39.022,-120.576,87.20463686405148
39.039,-120.576,87.3941347164363
39.055,-120.576,87.59567632039263
39.071,-120.576,87.83562757866392
39.088,-120.576,88.10690136116212
39.104,-120.576,88.37255579852227
39.12,-120.576,88.55877613293111
39.137,-120.576,88.92246652104103
39.153,-120.576,89.13795288232622
39.169,-120.576,89.35531767388588
39.186,-120.576,89.65393219325777
39.202,-120.576,89.93729082356434
39.218,-120.576,90.10289162252715
39.235,-120.576,90.38962078990899
39.251,-120.576,90.66852164785183
39.267,-120.576,90.90880702116095
39.284,-120.576,91.18564525657919
39.3,-120.576,91.44335700816727
38.5,-120.555,78.82817424270164
38.516,-120.555,79.29990168008125
38.533,-120.555,79.78161063100734
38.549,-120.555,80.22397204760368
38.565,-120.555,80.67055315816354
38.582,-120.555,81.1503950167153
38.598,-120.555,81.55932657384392
38.614,-120.555,81.94034988197218
38.631,-120.555,82.3695616701855
38.647,-120.555,82.75925652309937
38.663,-120.555,83.10836984119841
38.68,-120.555,83.42648572030899
38.696,-120.555,83.73643806626956
38.712,-120.555,84.07238321605286
38.729,-120.555,84.36101597481439
38.745,-120.555,84.65026182984622
38.761,-120.555,84.92149225461478
38.778,-120.555,85.16639345937739
38.794,-120.555,85.43830811103071
38.81,-120.555,85.66039462342523
38.827,-120.555,85.909158071281
38.843,-120.555,86.07674050726038
38.859,-120.555,86.29693161322666
38.876,-120.555,86.52615640351037
38.892,-120.555,86.7716025710498
38.908,-120.555,86.9452568942544
38.924,-120.555,87.17356258152675
38.941,-120.555,87.38576432973866
38.957,-120.555,87.55663678580358
38.973,-120.555,87.73824195464609
38.99,-120.555,88.01441441554493
39.006,-120.555,88.20499398056923
39.022,-120.555,88.40780585576047
39.039,-120.555,88.65200449060896
39.055,-120.555,88.82962310975594
39.071,-120.555,89.10939293858127
39.088,-120.555,89.30045593089531
39.104,-120.555,89.39431400674029
39.12,-120.555,89.69385357412219
39.137,-120.555,89.89497730575977
39.153,-120.555,90.16085544416654
39.169,-120.555,90.37072549039159
39.186,-120.555,90.59429429054443
39.202,-120.555,90.87309944187194
39.218,-120.555,91.03645179449859
39.235,-120.555,91.27412282661777
39.251,-120.555,91.55338283235724
39.267,-120.555,91.74771239537283
39.284,-120.555,91.96125554133056
39.3,-120.555,92.24199597085986
38.5,-120.535,80.44028390711439
38.516,-120.535,80.86057291245915
38.533,-120.535,81.36858601452778
38.549,-120.535,81.82534923397318
38.565,-120.535,82.33111184052636
38.582,-120.535,82.73816896008555
38.598,-120.535,83.14983605869318
38.614,-120.535,83.53211772789392
38.631,-120.535,83.849358716518
38.647,-120.535,84.28285632910017
38.663,-120.535,84.60819604279887
38.68,-120.535,84.92507999735746
38.696,-120.535,85.22601102646745
38.712,-120.535,85.49816471819946
38.729,-120.535,85.7790918135028
38.745,-120.535,86.08378389863981
38.761,-120.535,86.33154889637929
38.778,-120.535,86.54195175229125
38.794,-120.535,86.76074396597159
38.81,-120.535,87.00121277485145
38.827,-120.535,87.30579804116066
38.843,-120.535,87.44684735513401
38.859,-120.535,87.70016111765113
38.876,-120.535,87.8835155584678
38.892,-120.535,88.07843335406749
38.908,-120.535,88.28985907003134
38.924,-120.535,88.46567068631292
38.941,-120.535,88.61897573409507
38.957,-120.535,88.7664853318368
38.973,-120.535,89.0311120896405
38.99,-120.535,89.23566547115186
39.006,-120.535,89.33572093358111
39.022,-120.535,89.5797217236719
39.039,-120.535,89.7382763285516
39.055,-120.535,89.92467375321141
39.071,-120.535,90.12223093198332
39.088,-120.535,90.28704275017729
39.104,-120.535,90.48891990925057
39.12,-120.535,90.73275409610686
39.137,-120.535,90.88779582147012
39.153,-120.535,91.10045142546537
39.169,-120.535,91.3012433291313
39.186,-120.535,91.48660425702971
39.202,-120.535,91.73265215560282
39.218,-120.535,91.87251334009284
39.235,-120.535,92.13630787290388
39.251,-120.535,92.2503083884623
39.267,-120.535,92.53079571312168
39.284,-120.535,92.70507054064045
39.3,-120.535,92.94248648890448
38.5,-120.514,82.05388776245569
38.516,-120.514,82.50783388287161
38.533,-120.514,83.06055168347346
38.549,-120.514,83.488703669488
38.565,-120.514,83.94285913171626
38.582,-120.514,84.35020934535973
38.598,-120.514,84.70282683108853
38.614,-120.514,85.11944760410472
38.631,-120.514,85.45200764077306
38.647,-120.514,85.82185597748781
38.663,-120.514,86.17847799211985
38.68,-120.514,86.49215871997406
38.696,-120.514,86.77271050426012
38.712,-120.514,87.03304090506145
38.729,-120.514,87.29663947812077
38.745,-120.514,87.58252105528997
38.761,-120.514,87.77033898855804
38.778,-120.514,88.00791886794802
38.794,-120.514,88.28246560451146
38.81,-120.514,88.44747982958225
38.827,-120.514,88.66233087544586
38.843,-120.514,88.83173915070095
38.859,-120.514,89.00657951649073
38.876,-120.514,89.2376980914241
38.892,-120.514,89.38519987776037
38.908,-120.514,89.5737282769645
38.924,-120.514,89.72866435528354
38.941,-120.514,89.88848115108819
38.957,-120.514,90.04613497394588
38.973,-120.514,90.23053690292457
38.99,-120.514,90.3549889234787
39.006,-120.514,90.48743969224833
39.022,-120.514,90.6700584032612
39.039,-120.514,90.83968189827416
39.055,-120.514,90.97332876052997
39.071,-120.514,91.17262592877427
39.088,-120.514,91.3474679654697
39.104,-120.514,91.50919592596594
39.12,-120.514,91.67490866639034
39.137,-120.514,91.8381690203089
39.153,-120.514,92.05609607214805
39.169,-120.514,92.20327479251632
39.186,-120.514,92.36442350355296
39.202,-120.514,92.58205681293826
39.218,-120.514,92.72392082086974
39.235,-120.514,92.9275585544842
39.251,-120.514,93.06995878283361
39.267,-120.514,93.26392270962155
39.284,-120.514,93.34830667004262
39.3,-120.514,93.56184464830943
38.5,-120.494,83.60301798149845
38.516,-120.494,84.08462821648816
38.533,-120.494,84.62303511983198
38.549,-120.494,84.99928180258456
38.565,-120.494,85.43092418183309
38.582,-120.494,85.8502340560194
38.598,-120.494,86.27961348073042
38.614,-120.494,86.54940973419146
38.631,-120.494,86.98047540505866
38.647,-120.494,87.29826799110636
38.663,-120.494,87.54460802642228
38.68,-120.494,87.85708270812886
38.696,-120.494,88.19321577778167
38.712,-120.494,88.4281370358666
38.729,-120.494,88.63781506818334
38.745,-120.494,88.93451409595784
38.761,-120.494,89.18013867727582
38.778,-120.494,89.29894074464625
38.794,-120.494,89.56649964718166
38.81,-120.494,89.759065054909
38.827,-120.494,89.93976040526329
38.843,-120.494,90.13380137841293
38.859,-120.494,90.27284764437017
38.876,-120.494,90.44776526333573
38.892,-120.494,90.5877917771225
38.908,-120.494,90.65602930028837
38.924,-120.494,90.91590884560186
38.941,-120.494,91.0127720561313
38.957,-120.494,91.18606181643274
38.973,-120.494,91.31237283588472
38.99,-120.494,91.49934198934238
39.006,-120.494,91.58170256544982
39.022,-120.494,91.69759969879702
39.039,-120.494,91.84630780792568
39.055,-120.494,91.98927032212497
39.071,-120.494,92.18790745597587
39.088,-120.494,92.26013543015439
39.104,-120.494,92.39598759447067
39.12,-120.494,92.59116795033975
39.137,-120.494,92.73391157188348
39.153,-120.494,92.87051433368485
39.169,-120.494,92.97880104710008
39.186,-120.494,93.11683939014728
39.202,-120.494,93.33970001048604
39.218,-120.494,93.49457751766953
39.235,-120.494,93.58641040534275
39.251,-120.494,93.69894508434804
39.267,-120.494,93.88624973967163
39.284,-120.494,94.0951472200153
39.3,-120.494,94.18879644731575
38.5,-120.473,85.16310916336363
38.516,-120.473,85.6606651690378
38.533,-120.473,86.18088984384387
38.549,-120.473,86.53195576894767
38.565,-120.473,86.94019471484896
38.582,-120.473,87.37296494628508
38.598,-120.473,87.76693789009228
38.614,-120.473,88.07122759417919
38.631,-120.473,88.44214979605994
38.647,-120.473,88.78257586634184
38.663,-120.473,89.07842780300051
38.68,-120.473,89.31718456955903
38.696,-120.473,89.62599424675471
38.712,-120.473,89.82426177367388
38.729,-120.473,90.11499879045847
38.745,-120.473,90.32081205686104
38.761,-120.473,90.55340110089392
38.778,-120.473,90.76975903699663
38.794,-120.473,90.87572105222596
38.81,-120.473,91.06581596038289
38.827,-120.473,91.24485930006438
38.843,-120.473,91.43882464458525
38.859,-120.473,91.55149284602965
38.876,-120.473,91.68025227431448
38.892,-120.473,91.85647965848416
38.908,-120.473,91.96911739683578
38.924,-120.473,92.12956649689453
38.941,-120.473,92.20886804100147
38.957,-120.473,92.38688777105807
38.973,-120.473,92.43369780810843
38.99,-120.473,92.58880952059899
39.006,-120.473,92.69991613764233
39.022,-120.473,92.79559519704112
39.039,-120.473,92.8821990417589
39.055,-120.473,93.06465536415324
39.071,-120.473,93.14437835576364
39.088,-120.473,93.24967284305491
39.104,-120.473,93.34422585856753
39.12,-120.473,93.48557623309719
39.137,-120.473,93.65612261063431
39.153,-120.473,93.73209016526395
39.169,-120.473,93.86704815701835
39.186,-120.473,94.01296033904663
39.202,-120.473,94.10331602383259
39.218,-120.473,94.22562094455145
39.235,-120.473,94.35343648781316
39.251,-120.473,94.49991296628403
39.267,-120.473,94.61667540049363
39.284,-120.473,94.63497070046482
39.3,-120.473,94.78925591646549
38.5,-120.453,86.67863906412595
38.516,-120.453,87.07458212388805
38.533,-120.453,87.64749189127357
38.549,-120.453,87.96064639058308
38.565,-120.453,88.40003832506157
38.582,-120.453,88.82565710090806
38.598,-120.453,89.15301641271319
38.614,-120.453,89.49665709249365
38.631,-120.453,89.8016009624153
38.647,-120.453,90.10346077776639
38.663,-120.453,90.35589465762997
38.68,-120.453,90.66949491999468
38.696,-120.453,90.84789461408688
38.712,-120.453,91.17345145375415
38.729,-120.453,91.44898825535914
38.745,-120.453,91.60721103942065
38.761,-120.453,91.80394708803854
38.778,-120.453,92.04529009821202
38.794,-120.453,92.12504245945554
38.81,-120.453,92.30970970703463
38.827,-120.453,92.46658612949382
38.843,-120.453,92.67537417206842
38.859,-120.453,92.69970171734434
38.876,-120.453,92.79996875970838
38.892,-120.453,92.9351205916874
38.908,-120.453,93.07678871097505
38.924,-120.453,93.13470863569592
38.941,-120.453,93.28573014356051
38.957,-120.453,93.34043583602818
38.973,-120.453,93.51718054244688
38.99,-120.453,93.56595285920757
39.006,-120.453,93.720257855936
39.022,-120.453,93.72984153668318
39.039,-120.453,93.83402819401438
39.055,-120.453,93.90827507726961
39.071,-120.453,94.02702408291059
39.088,-120.453,94.10987379512883
39.104,-120.453,94.27447959945766
39.12,-120.453,94.2746327890942
39.137,-120.453,94.37395869742325
39.153,-120.453,94.49775246677548
39.169,-120.453,94.57988099820435
39.186,-120.453,94.67832464067881
39.202,-120.453,94.7464412532548
39.218,-120.453,94.85590413088224
39.235,-120.453,94.99646116441124
39.251,-120.453,95.01701738842385
39.267,-120.453,95.16599620239994
39.284,-120.453,95.19387106038216
39.3,-120.453,95.28693393364797
38.5,-120.433,88.08575117173889
38.516,-120.433,88.50765321404906
38.533,-120.433,89.01604167917088
38.549,-120.433,89.34601592573551
38.565,-120.433,89.80004181541733
38.582,-120.433,90.26218882270896
38.598,-120.433,90.5118794079335
38.614,-120.433,90.87839552466542
38.631,-120.433,91.16192386902024
38.647,-120.433,91.49257086280873
38.663,-120.433,91.71395844129734
38.68,-120.433,91.99927954438877
38.696,-120.433,92.23683336400845
38.712,-120.433,92.44311031352673
38.729,-120.433,92.61027178503261
38.745,-120.433,92.78323961558513
38.761,-120.433,93.02427676760003
38.778,-120.433,93.20448854751095
38.794,-120.433,93.32132137193109
38.81,-120.433,93.4318838673508
38.827,-120.433,93.60086300511358
38.843,-120.433,93.7206458702322
38.859,-120.433,93.82336214061236
38.876,-120.433,93.90234281063935
38.892,-120.433,94.02618127373518
38.908,-120.433,94.10226184097378
38.924,-120.433,94.19715541127266
38.941,-120.433,94.24975305503588
38.957,-120.433,94.31027641743857
38.973,-120.433,94.46058584228942
38.99,-120.433,94.4767170731264
39.006,-120.433,94.61346660101545
39.022,-120.433,94.6229448706837
39.039,-120.433,94.69212647878025
39.055,-120.433,94.79084261435116
39.071,-120.433,94.88161856464548
39.088,-120.433,94.9553342759152
39.104,-120.433,94.94112408852051
39.12,-120.433,95.03356332972166
39.137,-120.433,95.15570835970631
39.153,-120.433,95.16804119632447
39.169,-120.433,95.26516869347635
39.186,-120.433,95.3622364655488
39.202,-120.433,95.40211176155219
39.218,-120.433,95.47473145278927
39.235,-120.433,95.61726146060481
39.251,-120.433,95.60617828111168
39.267,-120.433,95.7160826080919
39.284,-120.433,95.74442341334966
39.3,-120.433,95.77859353276727
38.5,-120.412,89.57834274630167
38.516,-120.412,90.00501118485751
38.533,-120.412,90.43281813374543
38.549,-120.412,90.82520104801637
38.565,-120.412,91.2309481453518
38.582,-120.412,91.56689017534279
38.598,-120.412,91.90269737995374
38.614,-120.412,92.2194948561286
38.631,-120.412,92.5139995920083
38.647,-120.412,92.86853406099823
38.663,-120.412,93.03242997371012
38.68,-120.412,93.36093913501698
38.696,-120.412,93.55414644167129
38.712,-120.412,93.68837445332503
38.729,-120.412,93.89232648249565
38.745,-120.412,94.06262737016213
38.761,-120.412,94.2653687978359
38.778,-120.412,94.36764101933467
38.794,-120.412,94.49825843427143
38.81,-120.412,94.65489431564838
38.827,-120.412,94.74015898126807
38.843,-120.412,94.84088357953604
38.859,-120.412,94.90636083169201
38.876,-120.412,95.01176195678573
38.892,-120.412,95.09401876547479
38.908,-120.412,95.18284987378948
38.924,-120.412,95.20845287112809
38.941,-120.412,95.32006557278133
38.957,-120.412,95.37243156679375
38.973,-120.412,95.4060820410581
38.99,-120.412,95.48141236081185
39.006,-120.412,95.48731042257481
39.022,-120.412,95.57566415235175
39.039,-120.412,95.56495378558897
39.055,-120.412,95.65902857340545
39.071,-120.412,95.74475400281379
39.088,-120.412,95.68619389637229
39.104,-120.412,95.74968503588933
39.12,-120.412,95.8047789585768
39.137,-120.412,95.85269010617932
39.153,-120.412,95.88254440805689
39.169,-120.412,95.91903335975805
39.186,-120.412,96.01608100970184
39.202,-120.412,96.00276836840823
39.218,-120.412,96.07450255036785
39.235,-120.412,96.15091745742724
39.251,-120.412,96.17080223981702
39.267,-120.412,96.27217631232617
39.284,-120.412,96.23693898762481
39.3,-120.412,96.2621091977072
38.5,-120.392,90.9726675602896
38.516,-120.392,91.34156205469462
38.533,-120.392,91.77923472812266
38.549,-120.392,92.16148883098803
38.565,-120.392,92.45154076072292
38.582,-120.392,92.83358243601731
38.598,-120.392,93.21408577462542
38.614,-120.392,93.50560068981054
38.631,-120.392,93.7697823438469
38.647,-120.392,94.01035931716608
38.663,-120.392,94.28325835446533
38.68,-120.392,94.49523400179068
38.696,-120.392,94.67482474698137
38.712,-120.392,94.87013319198924
38.729,-120.392,95.05900089067883
38.745,-120.392,95.22042350283121
38.761,-120.392,95.34263493590076
38.778,-120.392,95.4561844878141
38.794,-120.392,95.59712376470169
38.81,-120.392,95.72589896249954
38.827,-120.392,95.79626396685501
38.843,-120.392,95.87292667560234
38.859,-120.392,95.95308953715764
38.876,-120.392,95.97341440298116
38.892,-120.392,96.07031354397263
38.908,-120.392,96.17035144659508
38.924,-120.392,96.24952261335208
38.941,-120.392,96.18413229618598
38.957,-120.392,96.26045462370104
38.973,-120.392,96.28547945165185
38.99,-120.392,96.25491276468354
39.006,-120.392,96.35585843105349
39.022,-120.392,96.34455489417468
39.039,-120.392,96.39480298768669
39.055,-120.392,96.41245218733025
39.071,-120.392,96.43392829678903
39.088,-120.392,96.46615787701472
39.104,-120.392,96.47137830972083
39.12,-120.392,96.44224477353198
39.137,-120.392,96.50790223071438
39.153,-120.392,96.52839730079333
39.169,-120.392,96.54602083164228
39.186,-120.392,96.63391320637479
39.202,-120.392,96.5469574091526
39.218,-120.392,96.56028656244787
39.235,-120.392,96.65429305255508
39.251,-120.392,96.64650050988809
39.267,-120.392,96.67601304040846
39.284,-120.392,96.64395774344658
39.3,-120.392,96.66054085353106
38.5,-120.371,92.21555337292352
38.516,-120.371,92.68888855503172
38.533,-120.371,93.0923574525656
38.549,-120.371,93.50216170847997
38.565,-120.371,93.90542960967741
38.582,-120.371,94.16251276099591
38.598,-120.371,94.45302748264879
38.614,-120.371,94.7554082677026
38.631,-120.371,95.06230393392774
38.647,-120.371,95.31465848546314
38.663,-120.371,95.5097989900489
38.68,-120.371,95.7051090798747
38.696,-120.371,95.87023904705177
38.712,-120.371,96.02340658618584
38.729,-120.371,96.24447328793183
38.745,-120.371,96.37856208518929
38.761,-120.371,96.47563656618847
38.778,-120.371,96.5273158717163
38.794,-120.371,96.6834793620588
38.81,-120.371,96.76299947667515
38.827,-120.371,96.82149358830323
38.843,-120.371,96.9547468817791
38.859,-120.371,96.99665906192712
38.876,-120.371,96.98003506700817
38.892,-120.371,96.99287848265817
38.908,-120.371,97.0603788173513
38.924,-120.371,97.04830972957556
38.941,-120.371,97.10768649138716
38.957,-120.371,97.1164222102482
38.973,-120.371,97.11515446582094
38.99,-120.371,97.13188340136233
39.006,-120.371,97.15265289588802
39.022,-120.371,97.11028830170967
39.039,-120.371,97.111666204621
39.055,-120.371,97.13323290703117
39.071,-120.371,97.09321956345191
39.088,-120.371,97.1351310196719
39.104,-120.371,97.1381356401112
39.12,-120.371,97.05591421285555
39.137,-120.371,97.09172947111487
39.153,-120.371,97.09158507622551
39.169,-120.371,97.05580861887458
39.186,-120.371,97.11013179094225
39.202,-120.371,97.07474138197878
39.218,-120.371,97.07467053931069
39.235,-120.371,97.05030315237875
39.251,-120.371,97.07319101209212
39.267,-120.371,97.08144676322259
39.284,-120.371,97.07368028648361
39.3,-120.371,97.1056144244526
38.5,-120.351,93.58675963386216
38.516,-120.351,93.918783932762
38.533,-120.351,94.38845974077363
38.549,-120.351,94.71298615435126
38.565,-120.351,94.96189669447058
38.582,-120.351,95.39644680400092
38.598,-120.351,95.62469510192666
38.614,-120.351,95.94440438442017
38.631,-120.351,96.17541923785048
38.647,-120.351,96.4178963186374
38.663,-120.351,96.603159596735
38.68,-120.351,96.8020417500041
38.696,-120.351,96.98097815305778
38.712,-120.351,97.11457263377552
38.729,-120.351,97.29995206618338
38.745,-120.351,97.35413584255033
38.761,-120.351,97.5315262128375
38.778,-120.351,97.63658315610607
38.794,-120.351,97.69036144859453
38.81,-120.351,97.75980581874276
38.827,-120.351,97.76209280242165
38.843,-120.351,97.83245858647037
38.859,-120.351,97.86044308134322
38.876,-120.351,97.8824038542314
38.892,-120.351,97.92122447570068
38.908,-120.351,97.8851128518583
38.924,-120.351,97.90178269133703
38.941,-120.351,97.91217354528098
38.957,-120.351,97.8685814547763
38.973,-120.351,97.91692589119474
38.99,-120.351,97.85398316048068
39.006,-120.351,97.8817431196127
39.022,-120.351,97.82489482958151
39.039,-120.351,97.78620162480122
39.055,-120.351,97.79263641654224
39.071,-120.351,97.76524814828588
39.088,-120.351,97.73644550784114
39.104,-120.351,97.67805702584482
39.12,-120.351,97.6556311136915
39.137,-120.351,97.63415907778513
39.153,-120.351,97.57353350065469
39.169,-120.351,97.58478497158505
39.186,-120.351,97.53438313608073
39.202,-120.351,97.54639619908463
39.218,-120.351,97.57168399009258
39.235,-120.351,97.55113398793574
39.251,-120.351,97.47346749820284
39.267,-120.351,97.43050826210265
39.284,-120.351,97.37647963534025
39.3,-120.351,97.38555752932749
38.5,-120.331,94.81022911500338
38.516,-120.331,95.24267997199188
38.533,-120.331,95.55528753774243
38.549,-120.331,95.86792646016153
38.565,-120.331,96.15097004381224
38.582,-120.331,96.54208220328098
38.598,-120.331,96.75753503096401
38.614,-120.331,97.07793051689444
38.631,-120.331,97.31809772037897
38.647,-120.331,97.49732776737699
38.663,-120.331,97.72785627059531
38.68,-120.331,97.80772365698868
38.696,-120.331,98.03176352889834
38.712,-120.331,98.19015131896029
38.729,-120.331,98.25905413452158
38.745,-120.331,98.40285258893536
38.761,-120.331,98.47099918175726
38.778,-120.331,98.60710311987795
38.794,-120.331,98.60244369933964
38.81,-120.331,98.64852459445297
38.827,-120.331,98.65995785194376
38.843,-120.331,98.6577426447877
38.859,-120.331,98.72979713781939
38.876,-120.331,98.6684847392992
38.892,-120.331,98.69531253251482
38.908,-120.331,98.73448920523546
38.924,-120.331,98.657250090513
38.941,-120.331,98.62098567729177
38.957,-120.331,98.67458235021552
38.973,-120.331,98.64633365092702
38.99,-120.331,98.61434497062892
39.006,-120.331,98.51811678418244
39.022,-120.331,98.49680596177757
39.039,-120.331,98.4435709057704
39.055,-120.331,98.40478644921372
39.071,-120.331,98.39228434863014
39.088,-120.331,98.30070189788799
39.104,-120.331,98.2669143824856
39.12,-120.331,98.15511971304012
39.137,-120.331,98.14962693092458
39.153,-120.331,98.07774249084854
39.169,-120.331,98.02592543166094
39.186,-120.331,98.02032835880931
39.202,-120.331,97.98774265616613
39.218,-120.331,97.92188346688607
39.235,-120.331,97.87649311185177
39.251,-120.331,97.77393177379153
39.267,-120.331,97.79275046288906
39.284,-120.331,97.65210918702411
39.3,-120.331,97.6019206804799
38.5,-120.31,96.03388957770417
38.516,-120.31,96.36940472867727
38.533,-120.31,96.7751072985213
38.549,-120.31,97.01616563692649
38.565,-120.31,97.37157049885809
38.582,-120.31,97.65601986477459
38.598,-120.31,97.95083656918096
38.614,-120.31,98.19905341873788
38.631,-120.31,98.44091373651028
38.647,-120.31,98.57739275201938
38.663,-120.31,98.71270852992791
38.68,-120.31,98.90307394016787
38.696,-120.31,99.04320319772197
38.712,-120.31,99.18773229210757
38.729,-120.31,99.32265154700629
38.745,-120.31,99.31665433985738
38.761,-120.31,99.42703394544021
38.778,-120.31,99.47709966392064
38.794,-120.31,99.48865023118185
38.81,-120.31,99.54728775540944
38.827,-120.31,99.57159086734075
38.843,-120.31,99.60374366395135
38.859,-120.31,99.59094902162461
38.876,-120.31,99.48167766129947
38.892,-120.31,99.50516479227646
38.908,-120.31,99.49246114166142
38.924,-120.31,99.45188616009132
38.941,-120.31,99.44682691147938
38.957,-120.31,99.394659500629
38.973,-120.31,99.29720560004789
38.99,-120.31,99.18960459490937
39.006,-120.31,99.19430307091311
39.022,-120.31,99.11901097218518
39.039,-120.31,99.04421436518805
39.055,-120.31,99.02534160635832
39.071,-120.31,98.88417422842147
39.088,-120.31,98.89113730930227
39.104,-120.31,98.75326330467838
39.12,-120.31,98.65998399833461
39.137,-120.31,98.61897077587074
39.153,-120.31,98.53001194527121
39.169,-120.31,98.5402436811714
39.186,-120.31,98.46212026288816
39.202,-120.31,98.31780439818019
39.218,-120.31,98.25011524554199
39.235,-120.31,98.25253735140453
39.251,-120.31,98.14010192939958
39.267,-120.31,98.02719318883675
39.284,-120.31,97.9262047199145
39.3,-120.31,97.88726615435479
38.5,-120.29,97.10501476906367
38.516,-120.29,97.51801378463868
38.533,-120.29,97.89318300410737
38.549,-120.29,98.12289728346693
38.565,-120.29,98.46422504932247
38.582,-120.29,98.70822106087213
38.598,-120.29,98.93575394086892
38.614,-120.29,99.19178773199087
38.631,-120.29,99.44059319036894
38.647,-120.29,99.57243227813302
38.663,-120.29,99.70979465714848
38.68,-120.29,99.89541974901613
38.696,-120.29,100.01508754710221
38.712,-120.29,100.13684028367967
38.729,-120.29,100.10256014247395
38.745,-120.29,100.24448118947035
38.761,-120.29,100.26685199891237
38.778,-120.29,100.2936189195359
38.794,-120.29,100.40879339256927
38.81,-120.29,100.40553475375727
38.827,-120.29,100.32232954693646
38.843,-120.29,100.35498935681055
38.859,-120.29,100.32537139873979
38.876,-120.29,100.30123626836324
38.892,-120.29,100.26241753606693
38.908,-120.29,100.13647986964935
38.924,-120.29,100.10314670990032
38.941,-120.29,100.05193873845317
38.957,-120.29,100.02706141612518
38.973,-120.29,99.8830291354926
38.99,-120.29,99.88360749384408
39.006,-120.29,99.74307939572265
39.022,-120.29,99.6122249112002
39.039,-120.29,99.63898659967228
39.055,-120.29,99.45581345371373
39.071,-120.29,99.39552402710926
39.088,-120.29,99.33226193399248
39.104,-120.29,99.18120032221569
39.12,-120.29,99.1438246004086
39.137,-120.29,99.01477496112007
39.153,-120.29,98.92578864711955
39.169,-120.29,98.80888903471912
39.186,-120.29,98.71620400340272
39.202,-120.29,98.68716784433548
39.218,-120.29,98.52022407874435
39.235,-120.29,98.47304563359314
39.251,-120.29,98.36952305283428
39.267,-120.29,98.31341748212654
39.284,-120.29,98.17223244833303
39.3,-120.29,98.0679134026135
38.5,-120.269,98.24937757544734
38.516,-120.269,98.64401780679681
38.533,-120.269,98.96726648338729
38.549,-120.269,99.28018506083406
38.565,-120.269,99.49850603788485
38.582,-120.269,99.73503227461751
38.598,-120.269,99.9366741307935
38.614,-120.269,100.15549816621731
38.631,-120.269,100.342896984334
38.647,-120.269,100.57647010919179
38.663,-120.269,100.68919290586085
38.68,-120.269,100.78043566190566
38.696,-120.269,100.92437450023981
38.712,-120.269,101.01775639750765
38.729,-120.269,101.02714391514841
38.745,-120.269,101.16536857973756
38.761,-120.269,101.13822354998406
38.778,-120.269,101.15758003563337
38.794,-120.269,101.20453406866706
38.81,-120.269,101.16785130558276
38.827,-120.269,101.12248465919153
38.843,-120.269,101.06281612751741
38.859,-120.269,101.1043049223963
38.876,-120.269,101.0031574662107
38.892,-120.269,100.92013636958997
38.908,-120.269,100.8222352044526
38.924,-120.269,100.78157097123962
38.941,-120.269,100.69177637359347
38.957,-120.269,100.61652500252934
38.973,-120.269,100.50242311600819
38.99,-120.269,100.42185332980353
39.006,-120.269,100.29814165805283
39.022,-120.269,100.15872024840293
39.039,-120.269,100.04804478690096
39.055,-120.269,99.9632615806386
39.071,-120.269,99.84160614260715
39.088,-120.269,99.828269149518
39.104,-120.269,99.67935426525982
39.12,-120.269,99.5545454401946
39.137,-120.269,99.40807156580746
39.153,-120.269,99.29877103968207
39.169,-120.269,99.16111823309491
39.186,-120.269,98.97629825918042
39.202,-120.269,98.94268459193593
39.218,-120.269,98.8031027786442
39.235,-120.269,98.75588350554507
39.251,-120.269,98.63218290344548
39.267,-120.269,98.46501933346768
39.284,-120.269,98.3943561284689
39.3,-120.269,98.268283578683
38.5,-120.249,99.29662220759349
38.516,-120.249,99.57997638208977
38.533,-120.249,99.94189138631849
38.549,-120.249,100.24021152252581
38.565,-120.249,100.44467533072593
38.582,-120.249,100.67735761197896
38.598,-120.249,100.93439629934402
38.614,-120.249,101.12046893704277
38.631,-120.249,101.24996798366762
38.647,-120.249,101.40737106613109
38.663,-120.249,101.55515788146312
38.68,-120.249,101.65720551646639
38.696,-120.249,101.71574980379773
38.712,-120.249,101.82188786614216
38.729,-120.249,101.90908300486664
38.745,-120.249,101.8865263499096
38.761,-120.249,101.87431933706907
38.778,-120.249,101.88150468874073
38.794,-120.249,101.82274847183098
38.81,-120.249,101.83026764148633
38.827,-120.249,101.80739801384604
38.843,-120.249,101.73743520800512
38.859,-120.249,101.70453422435739
38.876,-120.249,101.61406593285594
38.892,-120.249,101.5428322346179
38.908,-120.249,101.47295226855115
38.924,-120.249,101.30827178025659
38.941,-120.249,101.24489770676473
38.957,-120.249,101.15266169836953
38.973,-120.249,100.97547937574791
38.99,-120.249,100.89773509665635
39.006,-120.249,100.78444981135694
39.022,-120.249,100.6395364726509
39.039,-120.249,100.53131174829933
39.055,-120.249,100.41383947212347
39.071,-120.249,100.29600338215177
39.088,-120.249,100.11690808966134
39.104,-120.249,99.95091498353928
39.12,-120.249,99.86937446873674
39.137,-120.249,99.71171320880438
39.153,-120.249,99.53268097956621
39.169,-120.249,99.45371616469514
39.186,-120.249,99.27164224698849
39.202,-120.249,99.16981199892236
39.218,-120.249,99.01024901716147
39.235,-120.249,98.86394615762084
39.251,-120.249,98.78381831375637
39.267,-120.249,98.7021664287349
39.284,-120.249,98.47973538017447
39.3,-120.249,98.36686178679852
38.5,-120.229,100.26628677872607
38.516,-120.229,100.61043798045279
38.533,-120.229,100.9075425571089
38.549,-120.229,101.11979554524343
38.565,-120.229,101.39343060434419
38.582,-120.229,101.6040727235696
38.598,-120.229,101.78885391795924
38.614,-120.229,102.00766900745201
38.631,-120.229,102.09778937128196
38.647,-120.229,102.26577752375128
38.663,-120.229,102.31549081795087
38.68,-120.229,102.45754929031422
38.696,-120.229,102.48911326930744
38.712,-120.229,102.49508028177965
38.729,-120.229,102.62364688968445
38.745,-120.229,102.59731186558245
38.761,-120.229,102.61149776416802
38.778,-120.229,102.61401714477786
38.794,-120.229,102.6057621894885
38.81,-120.229,102.50795008814744
38.827,-120.229,102.47677855042006
38.843,-120.229,102.37823473981798
38.859,-120.229,102.3134359212385
38.876,-120.229,102.15132142863237
38.892,-120.229,102.02877927510761
38.908,-120.229,101.93723046002064
38.924,-120.229,101.8575090382689
38.941,-120.229,101.6732909716551
38.957,-120.229,101.51577405364522
38.973,-120.229,101.49807672430717
38.99,-120.229,101.28971465835022
39.006,-120.229,101.19144320365878
39.022,-120.229,101.06257553806097
39.039,-120.229,100.8665030035717
39.055,-120.229,100.78148937966769
39.071,-120.229,100.57558033253083
39.088,-120.229,100.40355909010944
39.104,-120.229,100.21142337182353
39.12,-120.229,100.11401745400129
39.137,-120.229,99.95042411053798
39.153,-120.229,99.81629538405107
39.169,-120.229,99.62962896075776
39.186,-120.229,99.50346313265511
39.202,-120.229,99.34366133778805
39.218,-120.229,99.20315159846861
39.235,-120.229,99.07056101847321
39.251,-120.229,98.83408346819554
39.267,-120.229,98.72426567846453
39.284,-120.229,98.52903105064945
39.3,-120.229,98.45794812041908
38.5,-120.208,101.24648639014282
38.516,-120.208,101.51052724191918
38.533,-120.208,101.79806038531218
38.549,-120.208,102.00669103777136
38.565,-120.208,102.31166963793814
38.582,-120.208,102.53718958024736
38.598,-120.208,102.70827428427084
38.614,-120.208,102.83177678436864
38.631,-120.208,103.00362152738958
38.647,-120.208,103.056925016558
38.663,-120.208,103.17002642648207
38.68,-120.208,103.26423760905148
38.696,-120.208,103.2329575737187
38.712,-120.208,103.30153312640417
38.729,-120.208,103.29219608972566
38.745,-120.208,103.22458549306779
38.761,-120.208,103.29497643600708
38.778,-120.208,103.1395033074758
38.794,-120.208,103.24272177666853
38.81,-120.208,103.10856028266193
38.827,-120.208,103.07290667754268
38.843,-120.208,102.93639034665318
38.859,-120.208,102.90096996582862
38.876,-120.208,102.71463099954806
38.892,-120.208,102.59436860209986
38.908,-120.208,102.47638795948365
38.924,-120.208,102.33410443476451
38.941,-120.208,102.19721289141604
38.957,-120.208,102.05910391386698
38.973,-120.208,101.87835408070794
38.99,-120.208,101.72564777672241
39.006,-120.208,101.51019365849307
39.022,-120.208,101.42936114616353
39.039,-120.208,101.210733540212
39.055,-120.208,101.10579277056632
39.071,-120.208,100.91524255727418
39.088,-120.208,100.74039625331822
39.104,-120.208,100.55957184593781
39.12,-120.208,100.33474117322805
39.137,-120.208,100.17650593150378
39.153,-120.208,100.05545676749124
39.169,-120.208,99.86893719480115
39.186,-120.208,99.67373890618995
39.202,-120.208,99.51001839833093
39.218,-120.208,99.37138011943206
39.235,-120.208,99.09328050063704
39.251,-120.208,98.99459054662316
39.267,-120.208,98.78282480342612
39.284,-120.208,98.62163351516391
39.3,-120.208,98.4828074777988
38.5,-120.188,102.14540575698118
38.516,-120.188,102.40879016581276
38.533,-120.188,102.64418085998356
38.549,-120.188,102.90246733997714
38.565,-120.188,103.09127693120803
38.582,-120.188,103.25839286556109
38.598,-120.188,103.38388991503034
38.614,-120.188,103.63457695165246
38.631,-120.188,103.72378964477599
38.647,-120.188,103.77243827906602
38.663,-120.188,103.84949692130903
38.68,-120.188,103.91166672539367
38.696,-120.188,103.89394092520796
38.712,-120.188,103.91595058521789
38.729,-120.188,103.94886064649849
38.745,-120.188,103.91651696911558
38.761,-120.188,103.87917414353225
38.778,-120.188,103.7985461589402
38.794,-120.188,103.68459584094057
38.81,-120.188,103.63174253628704
38.827,-120.188,103.51789177940324
38.843,-120.188,103.46831349570898
38.859,-120.188,103.34690524281274
38.876,-120.188,103.2452698842317
38.892,-120.188,103.02951865650542
38.908,-120.188,102.92825998709564
38.924,-120.188,102.76496697368428
38.941,-120.188,102.59855052209882
38.957,-120.188,102.42699008317203
38.973,-120.188,102.26036916187633
38.99,-120.188,102.0855257630145
39.006,-120.188,101.90084231454233
39.022,-120.188,101.71951738056991
39.039,-120.188,101.50102700563903
39.055,-120.188,101.36016054907599
39.071,-120.188,101.0955790454558
39.088,-120.188,100.91171017200008
39.104,-120.188,100.72087853913969
39.12,-120.188,100.58596573691854
39.137,-120.188,100.37718954572395
39.153,-120.188,100.20214705300461
39.169,-120.188,100.01763115778874
39.186,-120.188,99.72886669374847
39.202,-120.188,99.55480366404726
39.218,-120.188,99.37887221347218
39.235,-120.188,99.25864073446547
39.251,-120.188,99.0562536702257
39.267,-120.188,98.84719283788654
39.284,-120.188,98.6534172905768
39.3,-120.188,98.45491565319999
38.5,-120.167,103.00501492091195
38.516,-120.167,103.22508596914939
38.533,-120.167,103.47659753305072
38.549,-120.167,103.77289774791522
38.565,-120.167,103.84813743840361
38.582,-120.167,103.98645176864333
38.598,-120.167,104.20564438868321
38.614,-120.167,104.36511486243268
38.631,-120.167,104.44733609662624
38.647,-120.167,104.49409211800669
38.663,-120.167,104.522879790929
38.68,-120.167,104.55753605566979
38.696,-120.167,104.56992951439733
38.712,-120.167,104.51907903177317
38.729,-120.167,104.48361030280313
38.745,-120.167,104.4944286929915
38.761,-120.167,104.4261469271156
38.778,-120.167,104.3835701180813
38.794,-120.167,104.27976725758451
38.81,-120.167,104.21971691957313
38.827,-120.167,104.05117487212253
38.843,-120.167,103.89173637376383
38.859,-120.167,103.75949150792948
38.876,-120.167,103.6156343341849
38.892,-120.167,103.47499298977449
38.908,-120.167,103.3489812610783
38.924,-120.167,103.13174825705993
38.941,-120.167,102.9801094188347
38.957,-120.167,102.77002335406127
38.973,-120.167,102.55875736362938
38.99,-120.167,102.3466120755568
39.006,-120.167,102.1930521136976
39.022,-120.167,101.96429880650061
39.039,-120.167,101.78529125493428
39.055,-120.167,101.5729254920626
39.071,-120.167,101.37924245997893
39.088,-120.167,101.1352445278132
39.104,-120.167,100.92288560536922
39.12,-120.167,100.69054625284264
39.137,-120.167,100.54731618888977
39.153,-120.167,100.3010251862016
39.169,-120.167,100.09452485667126
39.186,-120.167,99.84114459939607
39.202,-120.167,99.62798402420614
39.218,-120.167,99.45111624333015
39.235,-120.167,99.19849493294491
39.251,-120.167,99.00951310373792
39.267,-120.167,98.81993630604389
39.284,-120.167,98.70924375591606
39.3,-120.167,98.42594362156552
38.5,-120.147,103.73133052282255
38.516,-120.147,103.93949752209062
38.533,-120.147,104.23264626920204
38.549,-120.147,104.43205756849724
38.565,-120.147,104.56955091621764
38.582,-120.147,104.73063525511031
38.598,-120.147,104.80762602092219
38.614,-120.147,104.89184854824504
38.631,-120.147,105.03828981553166
38.647,-120.147,105.10376912893024
38.663,-120.147,105.15639550500688
38.68,-120.147,105.1069524049018
38.696,-120.147,105.07328262674078
38.712,-120.147,105.11405722223378
38.729,-120.147,105.12720750491388
38.745,-120.147,105.0025208569578
38.761,-120.147,104.96461516996507
38.778,-120.147,104.7998704941747
38.794,-120.147,104.71328959310189
38.81,-120.147,104.5889551296748
38.827,-120.147,104.44304433040357
38.843,-120.147,104.31816295455234
38.859,-120.147,104.23746786229107
38.876,-120.147,104.03491017195532
38.892,-120.147,103.79086681266003
38.908,-120.147,103.64161212787292
38.924,-120.147,103.42665042191923
38.941,-120.147,103.3099156919774
38.957,-120.147,103.08664422661417
38.973,-120.147,102.823902876115
38.99,-120.147,102.63477139237092
39.006,-120.147,102.367538692562
39.022,-120.147,102.1536652988907
39.039,-120.147,101.88809351173104
39.055,-120.147,101.69620796165738
39.071,-120.147,101.42472206726548
39.088,-120.147,101.25145283160207
39.104,-120.147,101.07602218644084
39.12,-120.147,100.81036453101053
39.137,-120.147,100.55228539915218
39.153,-120.147,100.33327430746289
39.169,-120.147,100.08805034866904
39.186,-120.147,99.85225883228377
39.202,-120.147,99.6741693000713
39.218,-120.147,99.41326631613178
39.235,-120.147,99.22225699781588
39.251,-120.147,99.0183829957973
39.267,-120.147,98.78948125639562
39.284,-120.147,98.53831947225143
39.3,-120.147,98.25746554625557
38.5,-120.127,104.48520676300946
38.516,-120.127,104.6588173288694
38.533,-120.127,104.90954700884927
38.549,-120.127,105.07415193212658
38.565,-120.127,105.24711189063792
38.582,-120.127,105.36033402920623
38.598,-120.127,105.44130044506387
38.614,-120.127,105.50894976423571
38.631,-120.127,105.5303060630588
38.647,-120.127,105.63956652563375
38.663,-120.127,105.64041758405202
38.68,-120.127,105.62973799583035
38.696,-120.127,105.61521440487368
38.712,-120.127,105.61057032927113
38.729,-120.127,105.49972045306677
38.745,-120.127,105.45266190140093
38.761,-120.127,105.37578258597304
38.778,-120.127,105.28737333009371
38.794,-120.127,105.15946578609686
38.81,-120.127,105.02900410716988
38.827,-120.127,104.8055746058467
38.843,-120.127,104.64367570723853
38.859,-120.127,104.54530465463338
38.876,-120.127,104.29822166051994
38.892,-120.127,104.13548374075381
38.908,-120.127,103.95951814087795
38.924,-120.127,103.71038934310727
38.941,-120.127,103.53504819120295
38.957,-120.127,103.23037685707996
38.973,-120.127,103.02480674818702
38.99,-120.127,102.74790818905353
39.006,-120.127,102.56071724306082
39.022,-120.127,102.25974711920873
39.039,-120.127,102.08562658757708
39.055,-120.127,101.8262533404814
39.071,-120.127,101.62388161443872
39.088,-120.127,101.30943599528378
39.104,-120.127,101.04478018747237
39.12,-120.127,100.86120449696654
39.137,-120.127,100.6126442602792
39.153,-120.127,100.36762909078685
39.169,-120.127,100.0974505843239
39.186,-120.127,99.89256597922504
39.202,-120.127,99.65441216606733
39.218,-120.127,99.4171097037161
39.235,-120.127,99.18865244934612
39.251,-120.127,99.00025636687256
39.267,-120.127,98.66090549273753
39.284,-120.127,98.42872745470159
39.3,-120.127,98.2609990040707
38.5,-120.106,105.15659733278531
38.516,-120.106,105.38124393727901
38.533,-120.106,105.57215586392851
38.549,-120.106,105.77254115043985
38.565,-120.106,105.89170011386952
38.582,-120.106,105.96753167588533
38.598,-120.106,106.0407235072823
38.614,-120.106,106.09793591480744
38.631,-120.106,106.15647608303554
38.647,-120.106,106.10461885977688
38.663,-120.106,106.1359566998016
38.68,-120.106,106.18854699456743
38.696,-120.106,106.09706011865873
38.712,-120.106,106.02568537261097
38.729,-120.106,105.99554211109091
38.745,-120.106,105.82753096877038
38.761,-120.106,105.67535487466434
38.778,-120.106,105.66538390300335
38.794,-120.106,105.50374328826729
38.81,-120.106,105.31964209255877
38.827,-120.106,105.18912059050126
38.843,-120.106,104.9085763133644
38.859,-120.106,104.83024169488876
38.876,-120.106,104.55223242610884
38.892,-120.106,104.41301326385229
38.908,-120.106,104.16704111596061
38.924,-120.106,103.91323199936764
38.941,-120.106,103.67683787386966
38.957,-120.106,103.4366510937407
38.973,-120.106,103.24134892508496
38.99,-120.106,102.88795713423528
39.006,-120.106,102.70903892015757
39.022,-120.106,102.46941372006984
39.039,-120.106,102.18184826788514
39.055,-120.106,101.92983565449833
39.071,-120.106,101.62790247247752
39.088,-120.106,101.35914824165415
39.104,-120.106,101.13958809170258
39.12,-120.106,100.89586636471353
39.137,-120.106,100.53756243679415
39.153,-120.106,100.33255649246233
39.169,-120.106,100.07233679908776
39.186,-120.106,99.81204924016498
39.202,-120.106,99.65871598012856
39.218,-120.106,99.29512062651847
39.235,-120.106,99.05488226337356
39.251,-120.106,98.79105997500768
39.267,-120.106,98.56530787308859
39.284,-120.106,98.37583113725911
39.3,-120.106,98.08465936977824
38.5,-120.086,105.79584874221757
38.516,-120.086,106.00729241010436
38.533,-120.086,106.11695380683585
38.549,-120.086,106.2725017524348
38.565,-120.086,106.38005644742749
38.582,-120.086,106.49060993708694
38.598,-120.086,106.51380521691729
38.614,-120.086,106.57029448738119
38.631,-120.086,106.62161641110688
38.647,-120.086,106.64870524030897
38.663,-120.086,106.59061034281315
38.68,-120.086,106.57692312418118
38.696,-120.086,106.47602666431379
38.712,-120.086,106.40294566544534
38.729,-120.086,106.35356522526205
38.745,-120.086,106.19668443939393
38.761,-120.086,106.09764507004942
38.778,-120.086,105.94677643632053
38.794,-120.086,105.81246033691465
38.81,-120.086,105.62813068815571
38.827,-120.086,105.4504536477052
38.843,-120.086,105.22243120167617
38.859,-120.086,105.02376202005976
38.876,-120.086,104.7772136135527
38.892,-120.086,104.55960349956742
38.908,-120.086,104.30643813115351
38.924,-120.086,104.11833243573943
38.941,-120.086,103.82970730180313
38.957,-120.086,103.62004955110648
38.973,-120.086,103.32417509436223
38.99,-120.086,102.98854708714086
39.006,-120.086,102.80931119866283
39.022,-120.086,102.49930198097148
39.039,-120.086,102.25183559228007
39.055,-120.086,101.89584691357979
39.071,-120.086,101.66203177671423
39.088,-120.086,101.42845581010434
39.104,-120.086,101.08230983682601
39.12,-120.086,100.88349102682523
39.137,-120.086,100.56305082179459
39.153,-120.086,100.34559891776608
39.169,-120.086,100.07619172828889
39.186,-120.086,99.79155925411003
39.202,-120.086,99.45988623667748
39.218,-120.086,99.19316648061593
39.235,-120.086,98.92083383221397
39.251,-120.086,98.66845062064972
39.267,-120.086,98.41844598362728
39.284,-120.086,98.13838620492994
39.3,-120.086,97.83933193024103
38.5,-120.065,106.42006549321373
38.516,-120.065,106.4987083019722
38.533,-120.065,106.76467171612045
38.549,-120.065,106.82673062472507
38.565,-120.065,107.00241891074235
38.582,-120.065,106.9484179247619
38.598,-120.065,107.04829743061613
38.614,-120.065,107.02754730418266
38.631,-120.065,106.99785232238312
38.647,-120.065,107.03266163971254
38.663,-120.065,106.94502088521492
38.68,-120.065,106.94149882257648
38.696,-120.065,106.91137278891358
38.712,-120.065,106.78206959249515
38.729,-120.065,106.70027502269836
38.745,-120.065,106.54125202136166
38.761,-120.065,106.38186052259202
38.778,-120.065,106.20436075888507
38.794,-120.065,106.03383185908254
38.81,-120.065,105.85405298430365
38.827,-120.065,105.67052363333896
38.843,-120.065,105.45410261143344
38.859,-120.065,105.2142573491597
38.876,-120.065,104.99092468435202
38.892,-120.065,104.73582944738015
38.908,-120.065,104.47240286804123
38.924,-120.065,104.19766372537575
38.941,-120.065,103.95465409242937
38.957,-120.065,103.67146232558929
38.973,-120.065,103.44332083475129
38.99,-120.065,103.07353817984578
39.006,-120.065,102.81231389752719
39.022,-120.065,102.47582721030366
39.039,-120.065,102.20829210345912
39.055,-120.065,101.90364738781162
39.071,-120.065,101.63398914857
39.088,-120.065,101.34187453705516
39.104,-120.065,101.0750151111724
39.12,-120.065,100.71707171205047
39.137,-120.065,100.47514206210968
39.153,-120.065,100.19099945567926
39.169,-120.065,99.95933278026999
39.186,-120.065,99.66240914628686
39.202,-120.065,99.2879150175946
39.218,-120.065,99.04366601596065
39.235,-120.065,98.76862559100464
39.251,-120.065,98.49194219510169
39.267,-120.065,98.26545971664035
39.284,-120.065,98.0160918918568
39.3,-120.065,97.69368219382079
38.5,-120.045,106.91274425728271
38.516,-120.045,107.01670320246924
38.533,-120.045,107.1950672992673
38.549,-120.045,107.21751887236793
38.565,-120.045,107.35011097905564
38.582,-120.045,107.34541005161854
38.598,-120.045,107.40151625139225
38.614,-120.045,107.4259351600142
38.631,-120.045,107.43027743756221
38.647,-120.045,107.39366224719997
38.663,-120.045,107.35972078661267
38.68,-120.045,107.23707436913519
38.696,-120.045,107.15465050473234
38.712,-120.045,107.06381719888056
38.729,-120.045,106.9140774178175
38.745,-120.045,106.81726519413682
38.761,-120.045,106.59129123400182
38.778,-120.045,106.46295970193624
38.794,-120.045,106.24178624782162
38.81,-120.045,106.0601446370627
38.827,-120.045,105.80867818467986
38.843,-120.045,105.55631765529502
38.859,-120.045,105.32226911844951
38.876,-120.045,105.08038569472838
38.892,-120.045,104.79090813562199
38.908,-120.045,104.59408772260028
38.924,-120.045,104.27204624197402
38.941,-120.045,103.98033421117239
38.957,-120.045,103.63823870369474
38.973,-120.045,103.424178528817
38.99,-120.045,103.12362364871251
39.006,-120.045,102.82816679058968
39.022,-120.045,102.5124126732306
39.039,-120.045,102.21172051630755
39.055,-120.045,101.94059064387879
39.071,-120.045,101.59908719729091
39.088,-120.045,101.28212655743826
39.104,-120.045,100.91988291483314
39.12,-120.045,100.68275962247179
39.137,-120.045,100.29544881868028
39.153,-120.045,100.08038803196138
39.169,-120.045,99.79109010782025
39.186,-120.045,99.45828188377428
39.202,-120.045,99.11628770829006
39.218,-120.045,98.88861996883921
39.235,-120.045,98.57136587009552
39.251,-120.045,98.25689330658157
39.267,-120.045,97.98815161554712
39.284,-120.045,97.69131570224049
39.3,-120.045,97.49657254479267
38.5,-120.024,107.36982120112327
38.516,-120.024,107.48017491494025
38.533,-120.024,107.597088754246
38.549,-120.024,107.64091157862089
38.565,-120.024,107.74994262271856
38.582,-120.024,107.77055071047745
38.598,-120.024,107.83170425773957
38.614,-120.024,107.83263900646871
38.631,-120.024,107.79204813553594
38.647,-120.024,107.72563189056244
38.663,-120.024,107.67336380319193
38.68,-120.024,107.55661354966351
38.696,-120.024,107.39150835977728
38.712,-120.024,107.27812087634588
38.729,-120.024,107.16808392000681
38.745,-120.024,106.99431361747841
38.761,-120.024,106.80315280976731
38.778,-120.024,106.63322410723235
38.794,-120.024,106.37966212060546
38.81,-120.024,106.16833358087679
38.827,-120.024,105.93919689754458
38.843,-120.024,105.71443929690997
38.859,-120.024,105.3978697240043
38.876,-120.024,105.19852828452903
38.892,-120.024,104.88173357567973
38.908,-120.024,104.61703558496069
38.924,-120.024,104.27076742458915
38.941,-120.024,104.01106224414524
38.957,-120.024,103.72748442471284
38.973,-120.024,103.43241573721441
38.99,-120.024,103.09789475097824
39.006,-120.024,102.78753319933777
39.022,-120.024,102.44138254295147
39.039,-120.024,102.12521426837735
39.055,-120.024,101.73612269547745
39.071,-120.024,101.50043891059512
39.088,-120.024,101.14224438574988
39.104,-120.024,100.82115669018353
39.12,-120.024,100.5577878206902
39.137,-120.024,100.20043246641791
39.153,-120.024,99.89873104490452
39.169,-120.024,99.5804953005292
39.186,-120.024,99.26398967392934
39.202,-120.024,98.90939520673223
39.218,-120.024,98.65072971947274
39.235,-120.024,98.3112551144728
39.251,-120.024,98.1296684323701
39.267,-120.024,97.75504357169072
39.284,-120.024,97.43886004777423
39.3,-120.024,97.23123860560271
38.5,-120.004,107.82066028249356
38.516,-120.004,107.9025411797491
38.533,-120.004,108.00985438762616
38.549,-120.004,107.97654892243675
38.565,-120.004,108.03779569694568
38.582,-120.004,108.13303006794371
38.598,-120.004,108.19260189333941
38.614,-120.004,108.05405328462606
38.631,-120.004,108.02537194470278
38.647,-120.004,107.96409601602629
38.663,-120.004,107.8846968414812
38.68,-120.004,107.77555233142118
38.696,-120.004,107.63666575160977
38.712,-120.004,107.50207751553742
38.729,-120.004,107.31032504219344
38.745,-120.004,107.14641424569476
38.761,-120.004,106.91626674368146
38.778,-120.004,106.70985797879867
38.794,-120.004,106.53116183177929
38.81,-120.004,106.24795292503737
38.827,-120.004,105.95705767518541
38.843,-120.004,105.69176712130611
38.859,-120.004,105.51652858626221
38.876,-120.004,105.19220606489846
38.892,-120.004,104.90998467448121
38.908,-120.004,104.62460715761215
38.924,-120.004,104.34558180524225
38.941,-120.004,103.95374635400121
38.957,-120.004,103.68395536207967
38.973,-120.004,103.37545764762659
38.99,-120.004,103.0278758609862
39.006,-120.004,102.69138933191769
39.022,-120.004,102.30917642264738
39.039,-120.004,102.00868969240112
39.055,-120.004,101.68411164399508
39.071,-120.004,101.34012334082297
39.088,-120.004,101.02953383465525
39.104,-120.004,100.66445750617129
39.12,-120.004,100.3374801908493
39.137,-120.004,99.98587450104237
39.153,-120.004,99.68809489037169
39.169,-120.004,99.40353121767112
39.186,-120.004,99.00951835581391
39.202,-120.004,98.72374790109565
39.218,-120.004,98.40370721522706
39.235,-120.004,98.10086119023593
39.251,-120.004,97.75021381184563
39.267,-120.004,97.48117819364016
39.284,-120.004,97.12423272539328
39.3,-120.004,96.84303248466932
38.5,-119.984,113.82766130721278
38.516,-119.984,114.03219328974109
38.533,-119.984,114.14396633419882
38.549,-119.984,114.31851240569904
38.565,-119.984,114.42134218986659
38.582,-119.984,114.53103532529008
38.598,-119.984,114.63905168605716
38.614,-119.984,114.60931940632302
38.631,-119.984,114.70019962737865
38.647,-119.984,114.71229605298905
38.663,-119.984,114.70127154237841
38.68,-119.984,114.68989067138878
38.696,-119.984,114.6363691632761
38.712,-119.984,114.62476442584176
38.729,-119.984,114.49642586731957
38.745,-119.984,114.46600683103674
38.761,-119.984,114.34956292352965
38.778,-119.984,114.20132882179345
38.794,-119.984,114.05109660255461
38.81,-119.984,113.89531254985255
38.827,-119.984,113.67827128193557
38.843,-119.984,113.51190737370227
38.859,-119.984,113.3690525768786
38.876,-119.984,113.10550233373996
38.892,-119.984,112.9444095521935
38.908,-119.984,112.68257668453954
38.924,-119.984,112.48439350376131
38.941,-119.984,112.20657508740504
38.957,-119.984,111.94643200885214
38.973,-119.984,111.65653266349
38.99,-119.984,111.400219981292
39.006,-119.984,111.10882403743204
39.022,-119.984,110.85371458779157
39.039,-119.984,110.53747746750712
39.055,-119.984,110.26072204117457
39.071,-119.984,109.96836844432686
39.088,-119.984,109.68643009537625
39.104,-119.984,109.30579729335872
39.12,-119.984,109.02778104275085
39.137,-119.984,108.71210249213892
39.153,-119.984,108.44775693273562
39.169,-119.984,108.06748531064363
39.186,-119.984,107.79669558097686
39.202,-119.984,107.49569961681368
39.218,-119.984,107.13314818766733
39.235,-119.984,106.86135844175264
39.251,-119.984,106.57699183631468
39.267,-119.984,106.319738734364
39.284,-119.984,106.00863293875763
39.3,-119.984,105.69246052772998
38.5,-119.963,113.993519770476
38.516,-119.963,114.17546610959964
38.533,-119.963,114.3550862314908
38.549,-119.963,114.46447896340445
38.565,-119.963,114.55811127629948
38.582,-119.963,114.76161178844514
38.598,-119.963,114.81160285932896
38.614,-119.963,114.83101076802569
38.631,-119.963,114.90367188453841
38.647,-119.963,114.8800751816919
38.663,-119.963,114.9080989153641
38.68,-119.963,114.79317021635164
38.696,-119.963,114.82877934875621
38.712,-119.963,114.72235869726147
38.729,-119.963,114.6960146698295
38.745,-119.963,114.58405250556028
38.761,-119.963,114.48354294304474
38.778,-119.963,114.37182088250277
38.794,-119.963,114.20638581360002
38.81,-119.963,114.08896410325629
38.827,-119.963,113.93289101984351
38.843,-119.963,113.67819393120377
38.859,-119.963,113.45126934086537
38.876,-119.963,113.31807977393896
38.892,-119.963,113.0787157688756
38.908,-119.963,112.88345269865694
38.924,-119.963,112.56959494909913
38.941,-119.963,112.33296341826734
38.957,-119.963,112.10650379974159
38.973,-119.963,111.85186534091072
38.99,-119.963,111.48739467743022
39.006,-119.963,111.27189467915474
39.022,-119.963,111.00824597302751
39.039,-119.963,110.61841279701986
39.055,-119.963,110.32462206095391
39.071,-119.963,110.08658323254241
39.088,-119.963,109.77583081004965
39.104,-119.963,109.4606226818844
39.12,-119.963,109.13552401786039
39.137,-119.963,108.87040837672005
39.153,-119.963,108.53308757797562
39.169,-119.963,108.22112257760973
39.186,-119.963,107.8998099853551
39.202,-119.963,107.61214529194645
39.218,-119.963,107.27351640179673
39.235,-119.963,106.97114393661967
39.251,-119.963,106.64734609804164
39.267,-119.963,106.31980593958241
39.284,-119.963,106.06602064300793
39.3,-119.963,105.7712018149383
38.5,-119.943,114.15537112074888
38.516,-119.943,114.28105728600357
38.533,-119.943,114.48282463012669
38.549,-119.943,114.65010121016506
38.565,-119.943,114.73196892828247
38.582,-119.943,114.83802664171444
38.598,-119.943,114.9643796210028
38.614,-119.943,114.971331775113
38.631,-119.943,114.97009952099594
38.647,-119.943,115.0456640813594
38.663,-119.943,115.00332810760148
38.68,-119.943,114.95630491148584
38.696,-119.943,114.93659407492046
38.712,-119.943,114.91174960923104
38.729,-119.943,114.82969254556677
38.745,-119.943,114.75905425329857
38.761,-119.943,114.6465798980407
38.778,-119.943,114.42546567266577
38.794,-119.943,114.30617719592821
38.81,-119.943,114.11825886888886
38.827,-119.943,113.97810130662968
38.843,-119.943,113.7980635897787
38.859,-119.943,113.60650878017084
38.876,-119.943,113.3723029717931
38.892,-119.943,113.15737256981085
38.908,-119.943,112.9066337107463
38.924,-119.943,112.61709887352076
38.941,-119.943,112.39223597538172
38.957,-119.943,112.17208319686182
38.973,-119.943,111.8538720234262
38.99,-119.943,111.6154455371773
39.006,-119.943,111.32816513302976
39.022,-119.943,111.04507344317895
39.039,-119.943,110.75322454459172
39.055,-119.943,110.48591051065385
39.071,-119.943,110.12301878426601
39.088,-119.943,109.8479093407043
39.104,-119.943,109.53284108155466
39.12,-119.943,109.22968917499138
39.137,-119.943,108.90582540369377
39.153,-119.943,108.58243637766286
39.169,-119.943,108.32910143491848
39.186,-119.943,107.90522352619043
39.202,-119.943,107.64003813930212
39.218,-119.943,107.28550831387106
39.235,-119.943,107.00548198785751
39.251,-119.943,106.70418653230261
39.267,-119.943,106.38928520980669
39.284,-119.943,106.04116858868845
39.3,-119.943,105.75576639617131
38.5,-119.922,114.24491444616258
38.516,-119.922,114.48543166054806
38.533,-119.922,114.61987189496845
38.549,-119.922,114.75370237305144
38.565,-119.922,114.89210837812803
38.582,-119.922,114.99875327661434
38.598,-119.922,115.04895873244276
38.614,-119.922,115.10570899225185
38.631,-119.922,115.16347494060405
38.647,-119.922,115.15335820017793
38.663,-119.922,115.11642242503414
38.68,-119.922,115.13842825568501
38.696,-119.922,115.07694885047363
38.712,-119.922,114.99441953199741
38.729,-119.922,114.96039783421375
38.745,-119.922,114.84479548589725
38.761,-119.922,114.72700725525245
38.778,-119.922,114.55985182215237
38.794,-119.922,114.40511894698119
38.81,-119.922,114.31550105424671
38.827,-119.922,114.09594858721928
38.843,-119.922,113.88633565380354
38.859,-119.922,113.70109143773404
38.876,-119.922,113.51702486136026
38.892,-119.922,113.23436961991649
38.908,-119.922,112.98133869909442
38.924,-119.922,112.78453227648744
38.941,-119.922,112.51828146760242
38.957,-119.922,112.21321460746586
38.973,-119.922,112.01625776032918
38.99,-119.922,111.6590923559804
39.006,-119.922,111.41303337299293
39.022,-119.922,111.15220197778694
39.039,-119.922,110.8484830236752
39.055,-119.922,110.5347686077553
39.071,-119.922,110.1945658224599
39.088,-119.922,109.83847270807536
39.104,-119.922,109.5840064855163
39.12,-119.922,109.24546374635395
39.137,-119.922,108.93943241274442
39.153,-119.922,108.64307776076514
39.169,-119.922,108.30688542793233
39.186,-119.922,108.0043639051864
39.202,-119.922,107.6683481039349
39.218,-119.922,107.3282191002915
39.235,-119.922,106.99882752397082
39.251,-119.922,106.6826589045819
39.267,-119.922,106.39441174650497
39.284,-119.922,106.06438420673209
39.3,-119.922,105.77161325818328
38.5,-119.902,114.44567452903743
38.516,-119.902,114.59944489884614
38.533,-119.902,114.77702778467524
38.549,-119.902,114.83141761202927
38.565,-119.902,114.92088593434471
38.582,-119.902,115.07985087983931
38.598,-119.902,115.08941584780821
38.614,-119.902,115.17857302405407
38.631,-119.902,115.23453905105697
38.647,-119.902,115.22812425111488
38.663,-119.902,115.23440643842663
38.68,-119.902,115.17228503787634
38.696,-119.902,115.13489317835875
38.712,-119.902,115.09287747943876
38.729,-119.902,114.9811640490049
38.745,-119.902,114.89953158891701
38.761,-119.902,114.86535030961407
38.778,-119.902,114.6782710310642
38.794,-119.902,114.49397180969058
38.81,-119.902,114.33912472042688
38.827,-119.902,114.12062380007185
38.843,-119.902,114.00386151812107
38.859,-119.902,113.75688061610023
38.876,-119.902,113.5777300759158
38.892,-119.902,113.34059858104993
38.908,-119.902,113.20884243192586
38.924,-119.902,112.87193703395609
38.941,-119.902,112.66718804354117
38.957,-119.902,112.31940660252944
38.973,-119.902,112.02344523389611
38.99,-119.902,111.77250602357086
39.006,-119.902,111.49943999287075
39.022,-119.902,111.17060241148661
39.039,-119.902,110.85343119082974
39.055,-119.902,110.54785494895859
39.071,-119.902,110.22799719512325
39.088,-119.902,109.90962384192652
39.104,-119.902,109.62769004392814
39.12,-119.902,109.31410939653358
39.137,-119.902,108.97394599065925
39.153,-119.902,108.6270411519686
39.169,-119.902,108.34120774387313
39.186,-119.902,107.9762152459214
39.202,-119.902,107.64009577396416
39.218,-119.902,107.32775098804618
39.235,-119.902,107.01535458135137
39.251,-119.902,106.65493574094336
39.267,-119.902,106.31450724716207
39.284,-119.902,105.97110730107237
39.3,-119.902,105.63271034951059
38.5,-119.882,114.45820185058243
38.516,-119.882,114.7071778604054
38.533,-119.882,114.7910133404948
38.549,-119.882,114.96988495640241
38.565,-119.882,115.01779529589952
38.582,-119.882,115.11266601570857
38.598,-119.882,115.1955014350891
38.614,-119.882,115.25217839407065
38.631,-119.882,115.21612460941037
38.647,-119.882,115.21594578860231
38.663,-119.882,115.27971525912238
38.68,-119.882,115.27048704092043
38.696,-119.882,115.17277253272158
38.712,-119.882,115.05862637358658
38.729,-119.882,115.05797377885479
38.745,-119.882,114.97829718107
38.761,-119.882,114.84104234192158
38.778,-119.882,114.76646055482276
38.794,-119.882,114.55725309209467
38.81,-119.882,114.41186764820189
38.827,-119.882,114.2313326590697
38.843,-119.882,114.05846615834696
38.859,-119.882,113.78195952703508
38.876,-119.882,113.59865264287002
38.892,-119.882,113.38995950591648
38.908,-119.882,113.13391798692187
38.924,-119.882,112.93772708407431
38.941,-119.882,112.5608209374805
38.957,-119.882,112.341598873985
38.973,-119.882,112.12871145869035
38.99,-119.882,111.80131377211586
39.006,-119.882,111.51700967547595
39.022,-119.882,111.10434170986308
39.039,-119.882,110.91895142279814
39.055,-119.882,110.5548036124655
39.071,-119.882,110.23034767365901
39.088,-119.882,109.87524073623287
39.104,-119.882,109.63411058673913
39.12,-119.882,109.23146584124918
39.137,-119.882,108.96662157829702
39.153,-119.882,108.64124324091401
39.169,-119.882,108.22502164675072
39.186,-119.882,107.9627926386843
39.202,-119.882,107.70784406087354
39.218,-119.882,107.29074444470153
39.235,-119.882,106.94088342004495
39.251,-119.882,106.64203383866814
39.267,-119.882,106.21520686572526
39.284,-119.882,105.93791886099086
39.3,-119.882,105.65193680414431
38.5,-119.861,114.57122074429182
38.516,-119.861,114.6766300327411
38.533,-119.861,114.87211391016307
38.549,-119.861,114.96108036711969
38.565,-119.861,115.06758943986927
38.582,-119.861,115.15060439921582
38.598,-119.861,115.2601902660233
38.614,-119.861,115.29573068567647
38.631,-119.861,115.3311891174595
38.647,-119.861,115.36871974412149
38.663,-119.861,115.29841696951388
38.68,-119.861,115.23019714172183
38.696,-119.861,115.2561798747751
38.712,-119.861,115.15481427116059
38.729,-119.861,115.07259708251023
38.745,-119.861,114.91326738536365
38.761,-119.861,114.88666908117055
38.778,-119.861,114.75536894037725
38.794,-119.861,114.56486747757091
38.81,-119.861,114.45325544441306
38.827,-119.861,114.2497603362483
38.843,-119.861,114.0875734455146
38.859,-119.861,113.86558399939493
38.876,-119.861,113.62638772563793
38.892,-119.861,113.37569008238012
38.908,-119.861,113.17339022963371
38.924,-119.861,112.88534692161565
38.941,-119.861,112.58863600316728
38.957,-119.861,112.33377328922222
38.973,-119.861,112.07650787009304
38.99,-119.861,111.74479845525711
39.006,-119.861,111.46457981405034
39.022,-119.861,111.19820480701945
39.039,-119.861,110.85593257343575
39.055,-119.861,110.52774012321937
39.071,-119.861,110.26687379278846
39.088,-119.861,109.8494628769311
39.104,-119.861,109.64713674807112
39.12,-119.861,109.193636535716
39.137,-119.861,108.8502974958014
39.153,-119.861,108.58302357982161
39.169,-119.861,108.1776560008351
39.186,-119.861,107.84720734840168
39.202,-119.861,107.54866424094828
39.218,-119.861,107.21988514772852
39.235,-119.861,106.86309384120386
39.251,-119.861,106.54454818792877
39.267,-119.861,106.20920092492791
39.284,-119.861,105.82221198340554
39.3,-119.861,105.47931618488339
38.5,-119.841,114.61220920336079
38.516,-119.841,114.77081112614371
38.533,-119.841,114.92664398547825
38.549,-119.841,115.01777596083895
38.565,-119.841,115.06288206674033
38.582,-119.841,115.16785771881591
38.598,-119.841,115.26668387397447
38.614,-119.841,115.25928714523678
38.631,-119.841,115.28653588254477
38.647,-119.841,115.29234185235283
38.663,-119.841,115.3205409116841
38.68,-119.841,115.3178029316068
38.696,-119.841,115.23510754455413
38.712,-119.841,115.16392128242741
38.729,-119.841,115.1213831124986
38.745,-119.841,114.92793983804108
38.761,-119.841,114.79827482119666
38.778,-119.841,114.69266008322283
38.794,-119.841,114.57206650778146
38.81,-119.841,114.4230864855891
38.827,-119.841,114.27212996388738
38.843,-119.841,114.02087186961774
38.859,-119.841,113.82452760215288
38.876,-119.841,113.64132372326975
38.892,-119.841,113.33612862640662
38.908,-119.841,113.15179361864486
38.924,-119.841,112.8540805500207
38.941,-119.841,112.58257977879116
38.957,-119.841,112.2846475250818
38.973,-119.841,112.04069398030822
38.99,-119.841,111.71321161202282
39.006,-119.841,111.4857187247868
39.022,-119.841,111.15169832675399
39.039,-119.841,110.82277797736066
39.055,-119.841,110.46663209193483
39.071,-119.841,110.21616801361493
39.088,-119.841,109.86683475917994
39.104,-119.841,109.50974893703308
39.12,-119.841,109.18584747674633
39.137,-119.841,108.86957242573556
39.153,-119.841,108.46566623184657
39.169,-119.841,108.18809090942662
39.186,-119.841,107.80937048634925
39.202,-119.841,107.4904025646559
39.218,-119.841,107.0803592178495
39.235,-119.841,106.74875302801568
39.251,-119.841,106.44013402400195
39.267,-119.841,106.07698930361556
39.284,-119.841,105.68733738236675
39.3,-119.841,105.44263109872374
38.5,-119.82,114.57421213680828
38.516,-119.82,114.82647099389463
38.533,-119.82,114.86189454138781
38.549,-119.82,115.04532370754325
38.565,-119.82,115.0892089187878
38.582,-119.82,115.17676429316136
38.598,-119.82,115.27569082269177
38.614,-119.82,115.2815231478855
38.631,-119.82,115.33620728079818
38.647,-119.82,115.33411281168136
38.663,-119.82,115.27013994162658
38.68,-119.82,115.24352520200743
38.696,-119.82,115.27130181528486
38.712,-119.82,115.19133750530769
38.729,-119.82,115.02672732004454
38.745,-119.82,115.03119837519795
38.761,-119.82,114.79233832437596
38.778,-119.82,114.64500095919321
38.794,-119.82,114.560803567189
38.81,-119.82,114.34166464105485
38.827,-119.82,114.24028963268407
38.843,-119.82,113.97688047620628
38.859,-119.82,113.8103558393712
38.876,-119.82,113.54493585458972
38.892,-119.82,113.3172857539729
38.908,-119.82,113.0887685353561
38.924,-119.82,112.80982254219631
38.941,-119.82,112.55354269805787
38.957,-119.82,112.29557276330559
38.973,-119.82,111.91790207884459
38.99,-119.82,111.67702268064579
39.006,-119.82,111.33950611807067
39.022,-119.82,111.0503825344902
39.039,-119.82,110.76039290223488
39.055,-119.82,110.48599051286958
39.071,-119.82,110.09952279271104
39.088,-119.82,109.73842036879134
39.104,-119.82,109.3694330405418
39.12,-119.82,109.05798547502665
39.137,-119.82,108.66956644843297
39.153,-119.82,108.40033077392707
39.169,-119.82,108.06562785858536
39.186,-119.82,107.6962779678199
39.202,-119.82,107.31435839247405
39.218,-119.82,106.98438567677546
39.235,-119.82,106.66613419259336
39.251,-119.82,106.29684293232313
39.267,-119.82,105.97522441956366
39.284,-119.82,105.56168989449006
39.3,-119.82,105.30312461688744
38.5,-119.8,114.58324826305802
38.516,-119.8,114.66251460821918
38.533,-119.8,114.90585025280916
38.549,-119.8,114.95152371140492
38.565,-119.8,115.01942988329307
38.582,-119.8,115.10014459733758
38.598,-119.8,115.19548797377405
38.614,-119.8,115.20351575326961
38.631,-119.8,115.28803010647708
38.647,-119.8,115.27301402861407
38.663,-119.8,115.24337059928354
38.68,-119.8,115.1777396730528
38.696,-119.8,115.16487917145024
38.712,-119.8,115.10977982251424
38.729,-119.8,115.0272917409435
38.745,-119.8,114.8751543435322
38.761,-119.8,114.8346285637417
38.778,-119.8,114.61319554459209
38.794,-119.8,114.55150878726838
38.81,-119.8,114.36997836176073
38.827,-119.8,114.11098500876801
38.843,-119.8,113.91301463913831
38.859,-119.8,113.68890352719885
38.876,-119.8,113.46009020235485
38.892,-119.8,113.27848346174683
38.908,-119.8,112.99607319916231
38.924,-119.8,112.75910484298916
38.941,-119.8,112.47518037860294
38.957,-119.8,112.20921727608008
38.973,-119.8,111.9020328034391
38.99,-119.8,111.59273793199786
39.006,-119.8,111.24894728340836
39.022,-119.8,110.94035110711282
39.039,-119.8,110.61812354975227
39.055,-119.8,110.2976139531081
39.071,-119.8,110.0360101631281
39.088,-119.8,109.59599615850034
39.104,-119.8,109.30974392478805
39.12,-119.8,108.97455977059843
39.137,-119.8,108.61321209125164
39.153,-119.8,108.23948896935805
39.169,-119.8,107.90860354448363
39.186,-119.8,107.54880293092269
39.202,-119.8,107.21806348734395
39.218,-119.8,106.84357957128677
39.235,-119.8,106.46971589032127
39.251,-119.8,106.12582565035287
39.267,-119.8,105.73458578564906
39.284,-119.8,105.39883493194077
39.3,-119.8,105.09358981301298
